id,ticker,cpn,date_issued,maturity,curr,amt_out,convertible,industry_sector,industry_group,industry_subgroup
EK718211,SNEC,6.125,1/23/2015,1/15/2023,USD,1150000000,N,Energy,Oil&Gas,Oil Comp-Explor&Prodtn
QZ888409,RAX,8.625,10/25/2016,11/15/2024,USD,1200000000,N,Technology,Software,Computer Software
AR871586,MDR,10.625,4/4/2018,5/1/2024,USD,1300000000,N,Energy,Oil&Gas Services,Oil-Field Services
JK964020,FTR,11,4/28/2016,9/15/2025,USD,3598050000,N,Communications,Telecommunications,Telephone-Integrated
AP362087,WSTC,8.5,10/3/2017,10/15/2025,USD,1150000000,N,Communications,Telecommunications,Telecom Services
EI678335,XRXCRP,4.5,5/13/2011,5/15/2021,USD,1062353000,N,Technology,Office/Business Equip,Office Automation&Equip
AR022368,WDC,4.75,1/30/2018,2/15/2026,USD,2300000000,N,Technology,Computers,Computers-Memory Devices
JK964019,FTR,10.5,4/28/2016,9/15/2022,USD,2183426000,N,Communications,Telecommunications,Telephone-Integrated
AO658240,TSLA,5.3,8/11/2017,8/15/2025,USD,1800000000,N,"Consumer, Cyclical",Auto Manufacturers,Auto-Cars/Light Trucks
AV137092,CSCHLD,7.5,10/2/2018,4/1/2028,USD,1045882000,N,Communications,Media,Cable/Satellite TV
EK948530,XPO,6.5,6/4/2015,6/15/2022,USD,1600000000,N,Industrial,Transportation,Transport-Truck
QJ555627,GT,5.125,11/2/2015,11/15/2023,USD,1000000000,N,"Consumer, Cyclical",Auto Parts&Equipment,Rubber-Tires
AO727065,SPLS,8.5,8/14/2017,9/15/2025,USD,1000000000,N,"Consumer, Cyclical",Retail,Retail-Office Supplies
AM138344,ZAYOGR,5.75,1/12/2017,1/15/2027,USD,1650000000,N,Communications,Internet,Internet Connectiv Svcs
AU667774,EVHC,8.75,9/28/2018,10/15/2026,USD,1225000000,N,"Consumer, Non-cyclical",Healthcare-Services,Medical Labs&Testing Srv
EK499522,HWM,5.125,9/17/2014,10/1/2024,USD,1250000000,N,Industrial,Aerospace/Defense,Aerospace/Defense-Equip
AP534730,BECN,4.875,10/11/2017,11/1/2025,USD,1300000000,N,"Consumer, Cyclical",Retail,Retail-Building Products
AN915563,BRANDI,8.5,6/16/2017,7/15/2025,USD,1000000000,N,Industrial,Engineering&Construction,Building-Heavy Construct
AV242366,URI,6.5,10/24/2018,12/15/2026,USD,1100000000,N,"Consumer, Non-cyclical",Commercial Services,Rental Auto/Equipment
EK376500,CPN,5.75,7/8/2014,1/15/2025,USD,1550000000,N,Utilities,Electric,Independ Power Producer
AU388760,FINRSK,8.25,9/18/2018,11/15/2026,USD,1575000000,N,"Consumer, Non-cyclical",Commercial Services,Commercial Serv-Finance
JK670140,TRCO,5.875,4/1/2016,7/15/2022,USD,1100000000,N,Communications,Media,Broadcast Serv/Program
EK871152,SGMS,10,4/20/2015,12/1/2022,USD,2197500000,N,"Consumer, Cyclical",Entertainment,Gambling (Non-Hotel)
EK753260,PETM,7.125,2/18/2015,3/15/2023,USD,1900000000,N,"Consumer, Cyclical",Retail,Retail-Pet Food&Supplies
EK553660,S,7.875,10/16/2014,9/15/2023,USD,4250000000,N,Communications,Telecommunications,Cellular Telecom
EI638557,GPS,5.95,4/7/2011,4/12/2021,USD,1250000000,N,"Consumer, Cyclical",Retail,Retail-Apparel/Shoe
QZ429974,DISH,7.75,9/1/2016,7/1/2026,USD,1995575000,N,Communications,Media,Cable/Satellite TV
EK816212,RAD,6.125,3/18/2015,4/1/2023,USD,1800000000,N,"Consumer, Cyclical",Retail,Retail-Drug Store
AP697039,NFLX,4.875,10/23/2017,4/15/2028,USD,1600000000,N,Communications,Internet,Internet Content-Entmnt
AT936853,VCVHHO,9.75,8/10/2018,8/15/2026,USD,1100000000,N,"Consumer, Non-cyclical",Commercial Services,Commercial Serv-Finance
JK552270,LUMN,7.5,3/22/2016,4/1/2024,USD,1000000000,N,Communications,Telecommunications,Telephone-Integrated
AP068449,XRXCRP,4.375,9/7/2017,3/15/2023,USD,1000000000,N,Technology,Office/Business Equip,Office Automation&Equip
JK448604,APC,5.55,3/14/2016,3/15/2026,USD,1100000000,N,Energy,Oil&Gas,Oil Comp-Explor&Prodtn
AV483084,RGCARE,9.75,11/14/2018,12/1/2026,USD,1425000000,N,"Consumer, Non-cyclical",Healthcare-Services,Medical-Hospitals
EJ704892,DELL,2.65,6/3/2013,6/1/2020,USD,2000000000,N,Technology,Computers,Computers-Memory Devices
EI644436,HWM,5.4,4/13/2011,4/15/2021,USD,1250000000,N,Industrial,Aerospace/Defense,Aerospace/Defense-Equip
EK519106,CYH,6.875,9/26/2014,2/1/2022,USD,3000000000,N,"Consumer, Non-cyclical",Healthcare-Services,Medical-Hospitals
AT869341,BMC,9.75,8/9/2018,9/1/2026,USD,1475000000,N,Technology,Computers,Computer Services
EJ704922,DELL,3.375,6/3/2013,6/1/2023,USD,1000000000,N,Technology,Computers,Computers-Memory Devices
AQ377184,MAT,6.75,12/15/2017,12/31/2025,USD,1500000000,N,"Consumer, Cyclical",Toys/Games/Hobbies,Toys
LW349780,DELL,7.125,6/8/2016,6/15/2024,USD,1625000000,N,Technology,Computers,Computers
EK242475,IEP,5.875,4/24/2014,2/1/2022,USD,1349830000,N,Financial,Investment Companies,Investment Companies
EJ826130,FCX,3.875,9/9/2013,3/15/2023,USD,1998776000,N,Basic Materials,Mining,Metal-Copper
EJ995814,IEP,6,12/17/2013,8/1/2020,USD,1699870000,N,Financial,Investment Companies,Investment Companies
AO563305,URI,4.875,7/28/2017,1/15/2028,USD,1669241000,N,"Consumer, Non-cyclical",Commercial Services,Rental Auto/Equipment
EJ826088,FCX,5.45,9/9/2013,3/15/2043,USD,1999800000,N,Basic Materials,Mining,Metal-Copper
EJ018963,FCX,3.55,2/8/2012,3/1/2022,USD,2000000000,N,Basic Materials,Mining,Metal-Copper
EF420256,LUMN,7.995,5/12/2006,6/1/2036,USD,1485000000,N,Communications,Telecommunications,Telecom Services
EJ266931,CLR,5,7/1/2012,9/15/2022,USD,2000000000,N,Energy,Oil&Gas,Oil Comp-Explor&Prodtn
EJ437916,S,6,11/8/2012,11/15/2022,USD,2280000000,N,Communications,Telecommunications,Cellular Telecom
QZ610968,HES,4.3,9/19/2016,4/1/2027,USD,1000000000,N,Energy,Oil&Gas,Oil Comp-Explor&Prodtn
AM927894,BWY,7.25,3/22/2017,4/15/2025,USD,1350000000,N,Industrial,Packaging&Containers,Containers-Metal/Glass
EK553678,S,7.125,10/16/2014,6/15/2024,USD,2500000000,N,Communications,Telecommunications,Cellular Telecom
AS215068,CHK,8,4/11/2018,6/15/2027,USD,1299796000,N,Energy,Oil&Gas,Oil Comp-Explor&Prodtn
QZ123790,DISH,3.375,8/3/2016,8/15/2026,USD,3000000000,Y,Communications,Media,Cable/Satellite TV
AS203248,CHK,8,4/11/2018,1/15/2025,USD,1299243000,N,Energy,Oil&Gas,Oil Comp-Explor&Prodtn
UV309161,VST,7.375,7/17/2015,11/1/2022,USD,1750000000,N,Utilities,Electric,Independ Power Producer
EK309560,DVA,5.125,6/10/2014,7/15/2024,USD,1750000000,N,"Consumer, Non-cyclical",Healthcare-Services,Dialysis Centers
EK553852,S,7.25,10/16/2014,9/15/2021,USD,2250000000,N,Communications,Telecommunications,Cellular Telecom
UV333098,THC,6.75,7/21/2015,6/15/2023,USD,1898300000,N,"Consumer, Non-cyclical",Healthcare-Services,Medical-Hospitals
QZ981474,NFLX,4.375,10/24/2016,11/15/2026,USD,1000000000,N,Communications,Internet,Internet Content-Entmnt
QZ752397,CHK,5.5,9/30/2016,9/15/2026,USD,1250000000,Y,Energy,Oil&Gas,Oil Comp-Explor&Prodtn
AO181456,ACI,6.625,6/29/2017,6/15/2024,USD,1249864000,N,"Consumer, Non-cyclical",Food,Food-Retail
AP084227,AVTR,9,9/22/2017,10/1/2025,USD,2000000000,N,"Consumer, Non-cyclical",Healthcare-Products,Diagnostic Equipment
AQ729493,ARMK,5,1/10/2018,2/1/2028,USD,1150000000,N,"Consumer, Cyclical",Food Service,Food-Catering
AP841309,NAV,6.625,11/2/2017,11/1/2025,USD,1100000000,N,"Consumer, Cyclical",Auto Manufacturers,Auto-Med&Heavy Duty Trks
EJ893854,THC,8.125,10/18/2013,4/1/2022,USD,2799350000,N,"Consumer, Non-cyclical",Healthcare-Services,Medical-Hospitals
UV459965,UNIT,8.25,8/5/2015,10/15/2023,USD,1110000000,N,Financial,REITS,REITS-Diversified
EI824506,DISH,6.75,9/22/2011,6/1/2021,USD,2000000000,N,Communications,Media,Cable/Satellite TV
AO181455,ACI,5.75,6/29/2017,3/15/2025,USD,1249692000,N,"Consumer, Non-cyclical",Food,Food-Retail
JV570634,SPB,5.75,1/7/2016,7/15/2025,USD,1000000000,N,"Consumer, Non-cyclical",Household Products/Wares,Consumer Products-Misc
AO635535,CHTR,5,8/3/2017,2/1/2028,USD,2500000000,N,Communications,Media,Cable/Satellite TV
AQ687065,MDP,6.875,1/19/2018,2/1/2026,USD,1400000000,N,Communications,Media,Publishing-Periodicals
QJ555260,TMUS,6.5,11/2/2015,1/15/2026,USD,2000000000,N,Communications,Telecommunications,Cellular Telecom
EJ926700,MU,3,11/7/2013,11/15/2043,USD,1025000000,Y,Technology,Semiconductors,Electronic Compo-Semicon
EK860513,DVA,5,4/14/2015,5/1/2025,USD,1500000000,N,"Consumer, Non-cyclical",Healthcare-Services,Dialysis Centers
EJ053001,LUMN,5.8,3/5/2012,3/15/2022,USD,1400000000,N,Communications,Telecommunications,Telephone-Integrated
AT108482,MGM,5.75,6/14/2018,6/15/2025,USD,1000000000,N,"Consumer, Cyclical",Lodging,Casino Hotels
QJ233940,ZAYOGR,6,10/20/2015,4/1/2023,USD,1430000000,N,Communications,Internet,Internet Connectiv Svcs
AS006621,CLF,5.75,3/29/2018,3/1/2025,USD,1073168000,N,Basic Materials,Iron/Steel,Metal-Iron
AS350093,NFLX,5.875,4/23/2018,11/15/2028,USD,1900000000,N,Communications,Internet,Internet Content-Entmnt
EK678033,DISH,5.875,12/30/2014,11/15/2024,USD,1999700000,N,Communications,Media,Cable/Satellite TV
EK696751,HCA,5.375,1/13/2015,2/1/2025,USD,2600000000,N,"Consumer, Non-cyclical",Healthcare-Services,Medical-Hospitals
EC130331,S,6.9,4/29/1999,5/1/2019,USD,1750000000,N,Communications,Telecommunications,Telephone-Integrated
JK025356,SLH,10.5,2/29/2016,3/1/2024,USD,2005000000,N,Technology,Software,Transactional Software
EI335567,HWM,6.15,7/26/2010,8/15/2020,USD,1000000000,N,Industrial,Aerospace/Defense,Aerospace/Defense-Equip
EK247609,AR,5.375,4/28/2014,11/1/2021,USD,1000000000,N,Energy,Oil&Gas,Oil Comp-Explor&Prodtn
AP293789,CGPHLC,5.25,9/29/2017,10/15/2025,USD,1700000000,N,"Consumer, Cyclical",Entertainment,Gambling (Non-Hotel)
EK658392,CNX,5.875,12/12/2014,4/15/2022,USD,1850000000,N,Energy,Oil&Gas,Oil Comp-Explor&Prodtn
EI765711,HCA,7.5,7/26/2011,2/15/2022,USD,2000000000,N,"Consumer, Non-cyclical",Healthcare-Services,Medical-Hospitals
QZ008547,POST,5,7/25/2016,8/15/2026,USD,1750000000,N,"Consumer, Non-cyclical",Food,Food-Misc/Diversified
LW430647,CNC,5.625,6/13/2016,2/15/2021,USD,1400000000,N,"Consumer, Non-cyclical",Healthcare-Services,Medical-HMO
EK287123,GFF,5.25,5/19/2014,3/1/2022,USD,1000000000,N,Industrial,Building Materials,Bldg Prod-Doors&Windows
EJ305971,CIT,5,7/31/2012,8/15/2022,USD,1250000000,N,Financial,Banks,Commer Banks-Eastern US
EJ716781,CLR,4.5,6/11/2013,4/15/2023,USD,1500000000,N,Energy,Oil&Gas,Oil Comp-Explor&Prodtn
EK473489,TMUS,6,9/3/2014,3/1/2023,USD,1300000000,N,Communications,Telecommunications,Cellular Telecom
EJ419234,MRO,2.8,10/24/2012,11/1/2022,USD,1000000000,N,Energy,Oil&Gas,Oil Comp-Explor&Prodtn
EJ636007,DISH,5,4/11/2013,3/15/2023,USD,1500000000,N,Communications,Media,Cable/Satellite TV
AQ889852,TMUS,4.75,1/22/2018,2/1/2028,USD,1500000000,N,Communications,Telecommunications,Cellular Telecom
EK618017,MGM,6,11/20/2014,3/15/2023,USD,1250000000,N,"Consumer, Cyclical",Lodging,Casino Hotels
QJ009051,CSCHLD,10.125,9/25/2015,1/15/2023,USD,1800000000,N,Communications,Media,Cable/Satellite TV
QJ991156,BLL,4.375,12/2/2015,12/15/2020,USD,1000000000,N,Industrial,Packaging&Containers,Containers-Metal/Glass
EK098924,TSLA,1.25,2/27/2014,3/1/2021,USD,1380000000,Y,"Consumer, Cyclical",Auto Manufacturers,Auto-Cars/Light Trucks
QJ008078,CSCHLD,10.875,9/25/2015,10/15/2025,USD,2000000000,N,Communications,Media,Cable/Satellite TV
JK601992,TMUS,6,3/29/2016,4/15/2024,USD,1000000000,N,Communications,Telecommunications,Cellular Telecom
AN400460,IEP,6.25,4/27/2017,2/1/2022,USD,1204832000,N,Financial,Investment Companies,Investment Companies
EK473507,TMUS,6.375,9/3/2014,3/1/2025,USD,1700000000,N,Communications,Telecommunications,Cellular Telecom
EK732551,AR,5.125,1/28/2015,12/1/2022,USD,1100000000,N,Energy,Oil&Gas,Oil Comp-Explor&Prodtn
AO353501,MRO,4.4,7/13/2017,7/15/2027,USD,1000000000,N,Energy,Oil&Gas,Oil Comp-Explor&Prodtn
AS589794,CNC,5.375,5/9/2018,6/1/2026,USD,1800000000,N,"Consumer, Non-cyclical",Healthcare-Services,Medical-HMO
AR413561,S,7.625,2/20/2018,3/1/2026,USD,1500000000,N,Communications,Telecommunications,Cellular Telecom
AO422340,DUBAEE,5,7/21/2017,8/1/2024,USD,1000000000,N,Industrial,Trucking&Leasing,Transport-Equip&Leasng
AM195794,CHTR,5.125,1/17/2017,5/1/2027,USD,3250000000,N,Communications,Media,Cable/Satellite TV
EC600408,S,8.75,4/19/2002,3/15/2032,USD,1998000000,N,Communications,Telecommunications,Telephone-Integrated
EK788395,PPC,5.75,3/4/2015,3/15/2025,USD,1000000000,N,"Consumer, Non-cyclical",Food,Poultry
EK883540,QUICKN,5.75,5/1/2015,5/1/2025,USD,1250000000,N,Financial,Diversified Finan Serv,Finance-Mtge Loan/Banker
EJ672591,BLL,4,5/9/2013,11/15/2023,USD,1000000000,N,Industrial,Packaging&Containers,Containers-Metal/Glass
LW349766,DELL,5.875,6/8/2016,6/15/2021,USD,1625000000,N,Technology,Computers,Computers
AM405990,POST,5.5,2/6/2017,3/1/2025,USD,1000000000,N,"Consumer, Non-cyclical",Food,Food-Misc/Diversified
EK153602,NLSN,5,3/28/2014,4/15/2022,USD,2300000000,N,"Consumer, Non-cyclical",Commercial Services,Commercial Services
EH672761,ALLY,8,11/20/2008,11/1/2031,USD,1995021000,N,Financial,Diversified Finan Serv,Finance-Auto Loans
AQ889787,TMUS,4.5,1/22/2018,2/1/2026,USD,1000000000,N,Communications,Telecommunications,Cellular Telecom
LW194430,MLTPLN,7.125,5/25/2016,6/1/2024,USD,1560000000,N,"Consumer, Non-cyclical",Commercial Services,Commercial Serv-Finance
AT991267,HCA,5.625,8/9/2018,9/1/2028,USD,1500000000,N,"Consumer, Non-cyclical",Healthcare-Services,Medical-Hospitals
EJ528465,NAVI,5.5,1/23/2013,1/25/2023,USD,1000000000,N,Financial,Diversified Finan Serv,Finance-Consumer Loans
EK748167,WYNNLV,5.5,2/11/2015,3/1/2025,USD,1800000000,N,"Consumer, Cyclical",Lodging,Casino Hotels
EJ354814,EHC,5.75,9/6/2012,11/1/2024,USD,1200000000,N,"Consumer, Non-cyclical",Healthcare-Services,Phys Therapy/Rehab Cntrs
UV309350,VST,7.625,7/17/2015,11/1/2024,USD,1250000000,N,Utilities,Electric,Independ Power Producer
AR722078,BHCCN,9.25,3/12/2018,4/1/2026,USD,1500000000,N,"Consumer, Non-cyclical",Pharmaceuticals,Medical-Drugs
EJ467903,HCA,6.25,12/3/2012,2/15/2021,USD,1000000000,N,"Consumer, Non-cyclical",Healthcare-Services,Medical-Hospitals
AM993360,NRG,6.625,3/23/2017,1/15/2027,USD,1248410000,N,Utilities,Electric,Independ Power Producer
AS270081,HBGCN,7,4/18/2018,5/1/2026,USD,1670000000,N,Financial,Insurance,Insurance Brokers
EJ359014,DISH,5.875,9/10/2012,7/15/2022,USD,1998000000,N,Communications,Media,Cable/Satellite TV
EK262586,ORTCLI,6.625,5/8/2014,5/15/2022,USD,1300000000,N,"Consumer, Non-cyclical",Healthcare-Products,Diagnostic Equipment
EK713662,ESI,6.5,1/23/2015,2/1/2022,USD,1100000000,N,Basic Materials,Chemicals,Chemicals-Specialty
QZ562864,ALSN,5,9/14/2016,10/1/2024,USD,1000000000,N,"Consumer, Cyclical",Auto Manufacturers,Auto-Med&Heavy Duty Trks
EK765074,S,7.625,2/19/2015,2/15/2025,USD,1500000000,N,Communications,Telecommunications,Cellular Telecom
EK893210,STAY,5.25,5/1/2015,5/1/2025,USD,1300000000,N,Financial,REITS,REITS-Hotels
AT957644,VST,5.5,8/7/2018,9/1/2026,USD,1000000000,N,Utilities,Electric,Electric-Generation
AN820976,SBAC,4.875,5/31/2017,9/1/2024,USD,1099581000,N,Financial,REITS,REITS-Diversified
EI706974,LUMN,6.45,6/9/2011,6/15/2021,USD,1250000000,N,Communications,Telecommunications,Telephone-Integrated
JK977952,URI,5.875,4/29/2016,9/15/2026,USD,1000000000,N,"Consumer, Non-cyclical",Commercial Services,Rental Auto/Equipment
EK137569,KW,5.875,3/19/2014,4/1/2024,USD,1150000000,N,Financial,Real Estate,Real Estate Oper/Develop
EJ787540,ASH,4.75,8/8/2013,8/15/2022,USD,1124999000,N,Basic Materials,Chemicals,Chemicals-Specialty
EJ944939,TMUS,6.5,11/18/2013,1/15/2024,USD,1000000000,N,Communications,Telecommunications,Cellular Telecom
EK942670,COMM,6,5/28/2015,6/15/2025,USD,1500000000,N,Communications,Telecommunications,Telecommunication Equip
QJ667017,CHTR,5.75,11/5/2015,2/15/2026,USD,2500000000,N,Communications,Media,Cable/Satellite TV
AU418013,CQP,5.625,9/6/2018,10/1/2026,USD,1100000000,N,Energy,Pipelines,Pipelines
QZ510792,NUGGET,6.75,9/20/2016,10/15/2024,USD,1345000000,N,"Consumer, Cyclical",Retail,Retail-Restaurants
JK107589,LWSN,6.5,2/12/2016,5/15/2022,USD,1630000000,N,Technology,Software,Enterprise Software/Serv
JK574834,AMCX,5,3/23/2016,4/1/2024,USD,1000000000,N,Communications,Media,Television
AN711256,BDX,3.7,5/22/2017,6/6/2027,USD,2400000000,N,"Consumer, Non-cyclical",Pharmaceuticals,Drug Delivery Systems
AM730963,HHC,5.375,3/3/2017,3/15/2025,USD,1000000000,N,Financial,Real Estate,Real Estate Oper/Develop
JV967375,CHTR,5.875,2/4/2016,4/1/2024,USD,1700000000,N,Communications,Media,Cable/Satellite TV
AS583912,OMF,7.125,5/9/2018,3/15/2026,USD,1600000000,N,Financial,Diversified Finan Serv,Finance-Consumer Loans
EJ248159,OVV,5.625,6/19/2012,7/1/2024,USD,1000000000,N,Energy,Oil&Gas,Oil Comp-Explor&Prodtn
AM379527,NLOK,5,2/7/2017,4/15/2025,USD,1100000000,N,Communications,Internet,Internet Security
AR519208,BDX,#N/A N/A,2/27/2018,12/29/2020,USD,1000000000,N,"Consumer, Non-cyclical",Pharmaceuticals,Drug Delivery Systems
AQ047467,MLTHCO,8.5,11/16/2017,12/1/2022,USD,1300000000,N,"Consumer, Non-cyclical",Healthcare-Services,Medical-HMO
EK420541,CLR,3.8,8/1/2014,6/1/2024,USD,1000000000,N,Energy,Oil&Gas,Oil Comp-Explor&Prodtn
LW368560,SIX,4.875,6/7/2016,7/31/2024,USD,1000000000,N,"Consumer, Cyclical",Entertainment,Resorts/Theme Parks
AT226664,EQM,4.75,6/20/2018,7/15/2023,USD,1100000000,N,Energy,Pipelines,Pipelines
EJ319595,S,7,8/9/2012,8/15/2020,USD,1500000000,N,Communications,Telecommunications,Cellular Telecom
AQ292375,QUICKN,5.25,12/5/2017,1/15/2028,USD,1010000000,N,Financial,Diversified Finan Serv,Finance-Mtge Loan/Banker
EJ897811,CCK,4.5,10/21/2013,1/15/2023,USD,1000000000,N,Industrial,Packaging&Containers,Containers-Metal/Glass
AM840950,DISH,2.375,3/13/2017,3/15/2024,USD,1000000000,Y,Communications,Media,Cable/Satellite TV
QZ246548,HNDLIN,6.25,8/15/2016,8/15/2024,USD,1150000000,N,Basic Materials,Mining,Metal-Aluminum
EJ317029,CHTR,5.25,8/8/2012,9/30/2022,USD,1250000000,N,Communications,Media,Cable/Satellite TV
EJ599961,LUMN,5.625,3/18/2013,4/1/2020,USD,1000000000,N,Communications,Telecommunications,Telephone-Integrated
AL018402,CNC,4.75,10/26/2016,1/15/2025,USD,1200000000,N,"Consumer, Non-cyclical",Healthcare-Services,Medical-HMO
AO119744,SIRI,5,6/26/2017,8/1/2027,USD,1500000000,N,Communications,Media,Cable/Satellite TV
AM405999,POST,5.75,2/6/2017,3/1/2027,USD,1500000000,N,"Consumer, Non-cyclical",Food,Food-Misc/Diversified
EK643289,BDX,2.675,12/4/2014,12/15/2019,USD,1250000000,N,"Consumer, Non-cyclical",Pharmaceuticals,Drug Delivery Systems
EJ097173,MGM,7.75,3/15/2012,3/15/2022,USD,1000000000,N,"Consumer, Cyclical",Lodging,Casino Hotels
EI192939,NAVI,8,3/17/2010,3/25/2020,USD,1500000000,N,Financial,Diversified Finan Serv,Finance-Consumer Loans
UV432231,PPD,6.375,8/3/2015,8/1/2023,USD,1125000000,N,"Consumer, Non-cyclical",Commercial Services,Research&Development
EJ724659,CCO,6.5,6/17/2013,11/15/2022,USD,1989250000,N,Communications,Media,Broadcast Serv/Program
EK376512,CPN,5.375,7/8/2014,1/15/2023,USD,1250000000,N,Utilities,Electric,Independ Power Producer
QJ008079,CSCHLD,6.625,9/25/2015,10/15/2025,USD,1000000000,N,Communications,Media,Cable/Satellite TV
EJ044731,S,7,2/27/2012,3/1/2020,USD,1000000000,N,Communications,Telecommunications,Cellular Telecom
EJ772510,DISH,5.125,7/29/2013,5/1/2020,USD,1099640000,N,Communications,Media,Cable/Satellite TV
EJ575767,EQIX,5.375,2/28/2013,4/1/2023,USD,1000000000,N,Financial,REITS,REITS-Diversified
AT990138,HCA,5.375,8/9/2018,9/1/2026,USD,1000000000,N,"Consumer, Non-cyclical",Healthcare-Services,Medical-Hospitals
EF698828,APC,6.45,9/14/2006,9/15/2036,USD,1750000000,N,Energy,Oil&Gas,Oil Comp-Explor&Prodtn
AQ382234,BMCAUS,4.75,12/11/2017,1/15/2028,USD,1000000000,N,Industrial,Building Materials,Bldg&Construct Prod-Misc
QZ492844,HNDLIN,5.875,9/7/2016,9/30/2026,USD,1500000000,N,Basic Materials,Mining,Metal-Aluminum
AM787979,WCG,5.25,3/8/2017,4/1/2025,USD,1200000000,N,"Consumer, Non-cyclical",Healthcare-Services,Medical-HMO
QZ981658,URI,5.5,10/24/2016,5/15/2027,USD,1000000000,N,"Consumer, Non-cyclical",Commercial Services,Rental Auto/Equipment
EJ645836,CHTR,5.75,4/19/2013,1/15/2024,USD,1000000000,N,Communications,Media,Cable/Satellite TV
EI861769,CSCHLD,6.75,10/31/2011,11/15/2021,USD,1000000000,N,Communications,Media,Cable/Satellite TV
AP400874,CRROCK,5.625,10/2/2017,10/15/2025,USD,1185000000,N,Energy,Oil&Gas,Oil Comp-Explor&Prodtn
AP048743,IRM,4.875,9/6/2017,9/15/2027,USD,1000000000,N,Financial,REITS,REITS-Storage
QJ867849,EQIX,5.875,11/19/2015,1/15/2026,USD,1100000000,N,Financial,REITS,REITS-Diversified
EI347121,HES,5.6,8/5/2010,2/15/2041,USD,1250000000,N,Energy,Oil&Gas,Oil Comp-Explor&Prodtn
EJ406847,HCA,5.875,10/16/2012,5/1/2023,USD,1250000000,N,"Consumer, Non-cyclical",Healthcare-Services,Medical-Hospitals
AS104578,NGLS,5.875,4/5/2018,4/15/2026,USD,1000000000,N,Energy,Pipelines,Pipelines
AS170281,HLT,5.125,4/10/2018,5/1/2026,USD,1500000000,N,"Consumer, Cyclical",Lodging,Hotels&Motels
EK253374,SIRI,6,5/1/2014,7/15/2024,USD,1500000000,N,Communications,Media,Cable/Satellite TV
QJ716158,HCA,5.875,11/9/2015,2/15/2026,USD,1500000000,N,"Consumer, Non-cyclical",Healthcare-Services,Medical-Hospitals
AM342846,EM,5.75,1/30/2017,3/1/2025,USD,1325000000,N,Technology,Software,Medical Information Sys
EK993233,BLL,5.25,6/22/2015,7/1/2025,USD,1000000000,N,Industrial,Packaging&Containers,Containers-Metal/Glass
EJ473916,MGM,6.625,12/6/2012,12/15/2021,USD,1250000000,N,"Consumer, Cyclical",Lodging,Casino Hotels
AR675924,OMF,6.875,3/8/2018,3/15/2025,USD,1250000000,N,Financial,Diversified Finan Serv,Finance-Consumer Loans
EK569464,BMCAUS,5.375,10/27/2014,11/15/2024,USD,1100000000,N,Industrial,Building Materials,Bldg&Construct Prod-Misc
LW257172,YUM,5,6/2/2016,6/1/2024,USD,1050000000,N,"Consumer, Cyclical",Retail,Retail-Restaurants
EK362195,GLPI,4.875,6/30/2014,11/1/2020,USD,1000000000,N,Financial,REITS,REITS-Diversified
EH950418,APC,0,8/19/2009,10/10/2036,USD,2360000000,N,Energy,Oil&Gas,Oil Comp-Explor&Prodtn
AO120063,SIRI,3.875,6/26/2017,8/1/2022,USD,1000000000,N,Communications,Media,Cable/Satellite TV
AM376508,MGMGPO,5.625,2/1/2017,5/1/2024,USD,1049802000,N,Financial,REITS,REITS-Hotels
AM730856,NAVI,6.5,3/2/2017,6/15/2022,USD,1000000000,N,Financial,Diversified Finan Serv,Finance-Consumer Loans
AP063983,MPW,5,9/7/2017,10/15/2027,USD,1400000000,N,Financial,REITS,REITS-Health Care
EK240735,CNC,4.75,4/24/2014,5/15/2022,USD,1000000000,N,"Consumer, Non-cyclical",Healthcare-Services,Medical-HMO
EK785678,SIRI,5.375,3/3/2015,4/15/2025,USD,1000000000,N,Communications,Media,Cable/Satellite TV
EJ663747,MGM,6.75,5/2/2013,10/1/2020,USD,1000000000,N,"Consumer, Cyclical",Lodging,Casino Hotels
AQ258007,EXPE,3.8,11/29/2017,2/15/2028,USD,1000000000,N,Communications,Internet,E-Commerce/Services
AQ709524,CSCHLD,5.375,1/12/2018,2/1/2028,USD,1000000000,N,Communications,Media,Cable/Satellite TV
QZ532088,IQV,5,9/14/2016,10/15/2026,USD,1050000000,N,"Consumer, Non-cyclical",Healthcare-Services,Medical Labs&Testing Srv
UV930912,BMCAUS,6,9/22/2015,10/15/2025,USD,1100000000,N,Industrial,Building Materials,Bldg&Construct Prod-Misc
EJ481410,CHTR,5.125,12/12/2012,2/15/2023,USD,1000000000,N,Communications,Media,Cable/Satellite TV
LW430704,CNC,6.125,6/13/2016,2/15/2024,USD,1000000000,N,"Consumer, Non-cyclical",Healthcare-Services,Medical-HMO
LW161154,SIRI,5.375,5/18/2016,7/15/2026,USD,1000000000,N,Communications,Media,Cable/Satellite TV
QZ513404,CSCHLD,5.5,9/9/2016,4/15/2027,USD,1310000000,N,Communications,Media,Cable/Satellite TV
AN711145,BDX,2.894,5/22/2017,6/6/2022,USD,1800000000,N,"Consumer, Non-cyclical",Pharmaceuticals,Drug Delivery Systems
AM806385,DAL,3.625,3/9/2017,3/15/2022,USD,1000000000,N,"Consumer, Cyclical",Airlines,Airlines
AM782561,EQIX,5.375,3/8/2017,5/15/2027,USD,1250000000,N,Financial,REITS,REITS-Diversified
EK856526,CHTR,5.125,4/13/2015,5/1/2023,USD,1150000000,N,Communications,Media,Cable/Satellite TV
UV538991,PAA,4.65,8/17/2015,10/15/2025,USD,1000000000,N,Energy,Pipelines,Pipelines
AN711287,BDX,4.669,5/22/2017,6/6/2047,USD,1500000000,N,"Consumer, Non-cyclical",Pharmaceuticals,Drug Delivery Systems
AN711255,BDX,3.363,5/22/2017,6/6/2024,USD,1750000000,N,"Consumer, Non-cyclical",Pharmaceuticals,Drug Delivery Systems
AN711143,BDX,2.404,5/22/2017,6/5/2020,USD,1000000000,N,"Consumer, Non-cyclical",Pharmaceuticals,Drug Delivery Systems
EJ174040,DVN,3.25,5/7/2012,5/15/2022,USD,1000000000,N,Energy,Oil&Gas,Oil Comp-Explor&Prodtn
JK735139,CHTR,5.5,4/7/2016,5/1/2026,USD,1500000000,N,Communications,Media,Cable/Satellite TV
LW257435,YUM,5.25,6/2/2016,6/1/2026,USD,1050000000,N,"Consumer, Cyclical",Retail,Retail-Restaurants
EK643331,BDX,3.734,12/4/2014,12/15/2024,USD,1750000000,N,"Consumer, Non-cyclical",Pharmaceuticals,Drug Delivery Systems
AN534799,OMF,6.125,5/10/2017,5/15/2022,USD,1000000000,N,Financial,Diversified Finan Serv,Finance-Consumer Loans
JK717889,OMF,8.25,4/6/2016,12/15/2020,USD,1000000000,N,Financial,Diversified Finan Serv,Finance-Consumer Loans
EI736762,DVN,5.6,7/5/2011,7/15/2041,USD,1250000000,N,Energy,Oil&Gas,Oil Comp-Explor&Prodtn
EI867706,BDX,3.125,11/3/2011,11/8/2021,USD,1000000000,N,"Consumer, Non-cyclical",Pharmaceuticals,Drug Delivery Systems
AM805400,DAL,2.875,3/9/2017,3/13/2020,USD,1000000000,N,"Consumer, Cyclical",Airlines,Airlines
AV726451,MTDR,5.875,11/16/2018,9/15/2026,USD,1049850000,N,Energy,Oil&Gas,Oil Comp-Explor&Prodtn
EK643397,BDX,4.685,12/4/2014,12/15/2044,USD,1200000000,N,"Consumer, Non-cyclical",Pharmaceuticals,Drug Delivery Systems
EI000902,DISH,7.875,9/2/2009,9/1/2019,USD,1400000000,N,Communications,Media,Cable/Satellite TV
EC066567,S,6.875,11/10/1998,11/15/2028,USD,2500000000,N,Communications,Telecommunications,Telephone-Integrated
EJ323568,DVA,5.75,8/14/2012,8/15/2022,USD,1250000000,N,"Consumer, Non-cyclical",Healthcare-Services,Dialysis Centers
JK448667,APC,6.6,3/14/2016,3/15/2046,USD,1100000000,N,Energy,Oil&Gas,Oil Comp-Explor&Prodtn
ED386115,PCG,6.05,3/18/2004,3/1/2034,USD,3000000000,N,Utilities,Electric,Electric-Integrated
AX686754,SSNC,5.5,3/14/2019,9/30/2027,USD,2000000000,N,Technology,Software,Applications Software
AW913901,CSCHLD,6.5,1/24/2019,2/1/2029,USD,1750000000,N,Communications,Media,Cable/Satellite TV
AW777764,HCA,5.875,1/17/2019,2/1/2029,USD,1000000000,N,"Consumer, Non-cyclical",Healthcare-Services,Medical-Hospitals
AX901360,MGM,5.5,3/27/2019,4/15/2027,USD,1000000000,N,"Consumer, Cyclical",Lodging,Casino Hotels
AU474760,WAB,4.95,9/12/2018,9/15/2028,USD,1250000000,N,Industrial,Machinery-Diversified,Machinery-General Indust
AW999019,MDP,6.875,1/30/2019,2/1/2026,USD,1272740000,N,Communications,Media,Publishing-Periodicals
AX540871,SGMS,8.25,3/5/2019,3/15/2026,USD,1100000000,N,"Consumer, Cyclical",Entertainment,Gambling (Non-Hotel)
AX312079,XPO,6.75,2/19/2019,8/15/2024,USD,1000000000,N,Industrial,Transportation,Transport-Truck
AS706899,BHCCN,8.5,5/17/2018,1/31/2027,USD,1750000000,N,"Consumer, Non-cyclical",Pharmaceuticals,Medical-Drugs
AS238324,PCG,3.3,4/13/2018,12/1/2027,USD,1129736000,N,Utilities,Electric,Electric-Integrated
AV566240,MD,6.25,11/7/2018,1/15/2027,USD,1000000000,N,"Consumer, Non-cyclical",Healthcare-Services,Medical Labs&Testing Srv
AW981943,COMM,8.25,2/7/2019,3/1/2027,USD,1000000000,N,Communications,Telecommunications,Telecommunication Equip
AX333929,OMF,6.125,2/20/2019,3/15/2024,USD,1300000000,N,Financial,Diversified Finan Serv,Finance-Consumer Loans
AW856649,VST,5.625,1/22/2019,2/15/2027,USD,1300000000,N,Utilities,Electric,Electric-Generation
AV130799,CSCHLD,5.5,10/2/2018,5/15/2026,USD,1498806000,N,Communications,Media,Cable/Satellite TV
AV129838,CSCHLD,5.375,10/2/2018,7/15/2023,USD,1095825000,N,Communications,Media,Cable/Satellite TV
AZ159791,NXST,5.625,6/19/2019,7/15/2027,USD,1785000000,N,Communications,Media,Broadcast Serv/Program
AZ209803,SIRI,4.625,6/18/2019,7/15/2024,USD,1500000000,N,Communications,Media,Cable/Satellite TV
AZ096385,HLT,4.875,6/10/2019,1/15/2030,USD,1000000000,N,"Consumer, Cyclical",Lodging,Hotels&Motels
AZ024645,SIRI,5.5,6/5/2019,7/1/2029,USD,1250000000,N,Communications,Media,Cable/Satellite TV
AZ054843,VST,5,6/6/2019,7/31/2027,USD,1300000000,N,Utilities,Electric,Electric-Generation
AZ304879,HRI,5.5,6/24/2019,7/15/2027,USD,1200000000,N,"Consumer, Non-cyclical",Commercial Services,Rental Auto/Equipment
ZS572814,CHTR,5.375,5/9/2019,6/1/2029,USD,1500000000,N,Communications,Media,Cable/Satellite TV
ZS522830,IEP,6.25,5/7/2019,5/15/2026,USD,1250000000,N,Financial,Investment Companies,Investment Companies
ZS450102,TSLA,2,5/2/2019,5/15/2024,USD,1840000000,Y,"Consumer, Cyclical",Auto Manufacturers,Auto-Cars/Light Trucks
ZS463498,IHRT,8.375,5/1/2019,5/1/2027,USD,1449999997,N,Communications,Media,Broadcast Serv/Program
ZS276820,HLT,5.125,4/19/2019,5/1/2026,USD,1499740000,N,"Consumer, Cyclical",Lodging,Hotels&Motels
AV134121,UBER,8,10/18/2018,11/1/2026,USD,1500000000,N,Communications,Internet,E-Commerce/Services
ZS521500,IQV,5,5/7/2019,5/15/2027,USD,1100000000,N,"Consumer, Non-cyclical",Healthcare-Services,Medical Labs&Testing Srv
ZS003151,SPLS,10.75,4/9/2019,4/15/2027,USD,1000000000,N,"Consumer, Cyclical",Retail,Retail-Office Supplies
AZ257199,UNSEAM,9.75,6/27/2019,7/15/2027,USD,1050000000,N,"Consumer, Non-cyclical",Commercial Services,Security Services
ZS464532,MRFGBZ,7,5/2/2019,5/14/2026,USD,1000000000,N,"Consumer, Non-cyclical",Food,Food-Meat Products
AL580112,F,4.346,12/5/2016,12/8/2026,USD,1500000000,N,"Consumer, Cyclical",Auto Manufacturers,Auto-Cars/Light Trucks
ZR531330,CQP,4.5,9/9/2019,10/1/2029,USD,1500000000,N,Energy,Pipelines,Pipelines
AL580550,F,5.291,12/5/2016,12/8/2046,USD,1300000000,N,"Consumer, Cyclical",Auto Manufacturers,Auto-Cars/Light Trucks
ZR639737,PFGC,5.5,9/16/2019,10/15/2027,USD,1060000000,N,"Consumer, Cyclical",Distribution/Wholesale,Distribution/Wholesale
ZR465157,IRM,4.875,9/4/2019,9/15/2029,USD,1000000000,N,Financial,REITS,REITS-Storage
ZR598921,UBER,7.5,9/12/2019,9/15/2027,USD,1200000000,N,Communications,Internet,E-Commerce/Services
ZR665583,CHTR,4.75,9/17/2019,3/1/2030,USD,3050000000,N,Communications,Media,Cable/Satellite TV
AZ434652,CSCHLD,5.75,7/1/2019,1/15/2030,USD,2250000000,N,Communications,Media,Cable/Satellite TV
ZR576372,LVLT,4.625,9/11/2019,9/15/2027,USD,1000000000,N,Communications,Telecommunications,Telephone-Integrated
ZR543833,TGNA,5,9/11/2019,9/15/2029,USD,1100000000,N,Communications,Media,Publishing-Newspapers
ZR534095,PAA,3.55,9/9/2019,12/15/2029,USD,1000000000,N,Energy,Pipelines,Pipelines
AX667940,F,5.584,3/13/2019,3/18/2024,USD,1500000000,N,"Consumer, Cyclical",Auto Manufacturers,Auto-Cars/Light Trucks
ZS414351,F,5.113,4/30/2019,5/3/2029,USD,1487000000,N,"Consumer, Cyclical",Auto Manufacturers,Auto-Cars/Light Trucks
JK471164,F,3.336,3/15/2016,3/18/2021,USD,1750000000,N,"Consumer, Cyclical",Auto Manufacturers,Auto-Cars/Light Trucks
AZ856464,F,3.35,7/29/2019,11/1/2022,USD,1250000000,N,"Consumer, Cyclical",Auto Manufacturers,Auto-Cars/Light Trucks
AZ589558,DSPORT,6.625,7/18/2019,8/15/2027,USD,1825000000,N,Communications,Media,Broadcast Serv/Program
UV411753,F,4.134,7/30/2015,8/4/2025,USD,1400000000,N,"Consumer, Cyclical",Auto Manufacturers,Auto-Cars/Light Trucks
JK968747,F,3.096,4/29/2016,5/4/2023,USD,1000000000,N,"Consumer, Cyclical",Auto Manufacturers,Auto-Cars/Light Trucks
AM027630,F,2.681,1/4/2017,1/9/2020,USD,1250000000,N,"Consumer, Cyclical",Auto Manufacturers,Auto-Cars/Light Trucks
QJ634374,F,3.2,11/4/2015,1/15/2021,USD,1300000000,N,"Consumer, Cyclical",Auto Manufacturers,Auto-Cars/Light Trucks
EI074295,F,8.125,12/7/2009,1/15/2020,USD,1250000000,N,"Consumer, Cyclical",Auto Manufacturers,Auto-Cars/Light Trucks
EI711902,F,5.875,7/27/2011,8/2/2021,USD,2000000000,N,"Consumer, Cyclical",Auto Manufacturers,Auto-Cars/Light Trucks
UV411463,F,3.157,7/30/2015,8/4/2020,USD,1300000000,N,"Consumer, Cyclical",Auto Manufacturers,Auto-Cars/Light Trucks
AT941465,F,3.813,8/6/2018,10/12/2021,USD,1150000000,N,"Consumer, Cyclical",Auto Manufacturers,Auto-Cars/Light Trucks
AO095415,FANG,4.75,6/22/2017,11/1/2024,USD,1250000000,N,Energy,Oil&Gas,Oil Comp-Explor&Prodtn
EJ777920,F,4.375,8/1/2013,8/6/2023,USD,1000000000,N,"Consumer, Cyclical",Auto Manufacturers,Auto-Cars/Light Trucks
AP790781,F,2.343,10/30/2017,11/2/2020,USD,1000000000,N,"Consumer, Cyclical",Auto Manufacturers,Auto-Cars/Light Trucks
EJ374419,F,4.25,9/20/2012,9/20/2022,USD,1000000000,N,"Consumer, Cyclical",Auto Manufacturers,Auto-Cars/Light Trucks
EK572223,F,2.597,10/28/2014,11/4/2019,USD,1250000000,N,"Consumer, Cyclical",Auto Manufacturers,Auto-Cars/Light Trucks
JV523090,F,4.389,1/5/2016,1/8/2026,USD,1200000000,N,"Consumer, Cyclical",Auto Manufacturers,Auto-Cars/Light Trucks
AW489744,F,5.596,1/3/2019,1/7/2022,USD,1400000000,N,"Consumer, Cyclical",Auto Manufacturers,Auto-Cars/Light Trucks
EI562984,F,5.75,2/2/2011,2/1/2021,USD,1250000000,N,"Consumer, Cyclical",Auto Manufacturers,Auto-Cars/Light Trucks
AM027676,F,3.012,1/4/2017,1/9/2020,USD,1000000000,N,"Consumer, Cyclical",Auto Manufacturers,Auto-Cars/Light Trucks
EC157093,F,7.45,7/8/1999,7/16/2031,USD,4800000000,N,"Consumer, Cyclical",Auto Manufacturers,Auto-Cars/Light Trucks
EJ500535,F,4.75,1/3/2013,1/15/2043,USD,2000000000,N,"Consumer, Cyclical",Auto Manufacturers,Auto-Cars/Light Trucks
ZQ966024,LUMN,5.125,12/9/2019,12/15/2026,USD,1250000000,N,Communications,Telecommunications,Telephone-Integrated
ZQ926671,TERMED,8.875,12/12/2019,12/15/2027,USD,1015000000,N,Communications,Advertising,Direct Marketing
JK529756,NWL,4.7,3/18/2016,4/1/2026,USD,2000000000,N,"Consumer, Cyclical",Housewares,Home Decoration Products
ZP162987,CPN,5.125,12/19/2019,3/15/2028,USD,1400000000,N,Utilities,Electric,Independ Power Producer
ZQ712646,FANG,3.5,11/20/2019,12/1/2029,USD,1200000000,N,Energy,Oil&Gas,Oil Comp-Explor&Prodtn
ZQ641644,CNC,4.625,11/21/2019,12/15/2029,USD,3500000000,N,"Consumer, Non-cyclical",Healthcare-Services,Medical-HMO
ZQ359791,F,4.063,10/29/2019,11/1/2024,USD,1500000000,N,"Consumer, Cyclical",Auto Manufacturers,Auto-Cars/Light Trucks
ZR742639,IEP,6.25,9/20/2019,5/15/2026,USD,1248072000,N,Financial,Investment Companies,Investment Companies
AZ855656,SEM,6.25,7/29/2019,8/15/2026,USD,1225000000,N,"Consumer, Non-cyclical",Healthcare-Services,Medical-Hospitals
ZQ225580,NFLX,4.875,10/22/2019,6/15/2030,USD,1000000000,N,Communications,Internet,Internet Content-Entmnt
ZQ641626,CNC,4.25,11/21/2019,12/15/2027,USD,2500000000,N,"Consumer, Non-cyclical",Healthcare-Services,Medical-HMO
ZQ499824,EQIX,3.2,11/6/2019,11/18/2029,USD,1200000000,N,Financial,REITS,REITS-Diversified
ZQ606668,NGLS,5.5,11/13/2019,3/1/2030,USD,1000000000,N,Energy,Pipelines,Pipelines
ZQ667263,VICI,4.625,11/21/2019,12/1/2029,USD,1000000000,N,Financial,REITS,REITS-Diversified
JK522385,NWL,4.35,3/18/2016,4/1/2023,USD,1750000000,N,"Consumer, Cyclical",Housewares,Home Decoration Products
ZQ670818,BYD,4.75,11/18/2019,12/1/2027,USD,1000000000,N,"Consumer, Cyclical",Lodging,Casino Hotels
ZQ667260,VICI,4.25,11/21/2019,12/1/2026,USD,1250000000,N,Financial,REITS,REITS-Diversified
ZQ443851,MSCI,4,11/4/2019,11/15/2029,USD,1000000000,N,Technology,Software,Decision Support Softwar
ZQ748440,CNC,4.75,11/21/2019,1/15/2025,USD,1000000000,N,"Consumer, Non-cyclical",Healthcare-Services,Medical-HMO
ZQ712627,FANG,2.875,11/20/2019,12/1/2024,USD,1000000000,N,Energy,Oil&Gas,Oil Comp-Explor&Prodtn
ZR961974,HLT,4.875,10/3/2019,1/15/2030,USD,1000000000,N,"Consumer, Cyclical",Lodging,Hotels&Motels
AQ222901,ENDENR,5.75,11/28/2017,1/30/2028,USD,1000000000,N,Energy,Oil&Gas,Oil Comp-Explor&Prodtn
ZQ499822,EQIX,2.625,11/6/2019,11/18/2024,USD,1000000000,N,Financial,REITS,REITS-Diversified
AZ988252,OXY,3.5,8/6/2019,8/15/2029,USD,1500000000,N,Energy,Oil&Gas,Oil Comp-Explor&Prodtn
EI510129,OXY,4.1,12/13/2010,2/1/2021,USD,1300000000,N,Energy,Oil&Gas,Oil Comp-Explor&Prodtn
AZ988249,OXY,2.7,8/6/2019,8/15/2022,USD,2000000000,N,Energy,Oil&Gas,Oil Comp-Explor&Prodtn
BG019660,HCA,3.5,2/11/2020,9/1/2030,USD,2700000000,N,"Consumer, Non-cyclical",Healthcare-Services,Medical-Hospitals
AZ988250,OXY,2.9,8/6/2019,8/15/2024,USD,3000000000,N,Energy,Oil&Gas,Oil Comp-Explor&Prodtn
ZP852875,CHTR,4.5,2/3/2020,8/15/2030,USD,2750000000,N,Communications,Media,Cable/Satellite TV
AU059055,APA,4.375,8/14/2018,10/15/2028,USD,1000000000,N,Energy,Oil&Gas,Oil Comp-Explor&Prodtn
ZP519345,EQT,7.875,1/15/2020,2/1/2025,USD,1000000000,N,Energy,Oil&Gas,Oil Comp-Explor&Prodtn
ZR631832,OXY,0,8/15/2019,10/10/2036,USD,2270292000,N,Energy,Oil&Gas,Oil Comp-Explor&Prodtn
ZR631768,OXY,6.45,8/15/2019,9/15/2036,USD,1734194000,N,Energy,Oil&Gas,Oil Comp-Explor&Prodtn
AZ988248,OXY,1.671,8/6/2019,8/15/2022,USD,1500000000,N,Energy,Oil&Gas,Oil Comp-Explor&Prodtn
LW952924,KHC,3,7/19/2016,6/1/2026,USD,1998815000,N,"Consumer, Non-cyclical",Food,Food-Misc/Diversified
AU614687,SASOL,5.875,9/20/2018,3/27/2024,USD,1500000000,N,Basic Materials,Chemicals,Chemicals-Diversified
ZP405283,WES,6.25,1/9/2020,2/1/2050,USD,1000000000,N,Energy,Pipelines,Pipelines
BG562373,CHTR,4.5,3/4/2020,5/1/2032,USD,2900000000,N,Communications,Media,Cable/Satellite TV
AP338435,EQT,3.9,9/27/2017,10/1/2027,USD,1250000000,N,Energy,Oil&Gas,Oil Comp-Explor&Prodtn
JK596825,OXY,3.4,3/28/2016,4/15/2026,USD,1150000000,N,Energy,Oil&Gas,Oil Comp-Explor&Prodtn
JK596826,OXY,4.4,3/28/2016,4/15/2046,USD,1200000000,N,Energy,Oil&Gas,Oil Comp-Explor&Prodtn
AZ988251,OXY,3.2,8/6/2019,8/15/2026,USD,1000000000,N,Energy,Oil&Gas,Oil Comp-Explor&Prodtn
ZR630930,OXY,5.55,8/15/2019,3/15/2026,USD,1081892000,N,Energy,Oil&Gas,Oil Comp-Explor&Prodtn
EJ477939,KHC,5,12/7/2012,6/4/2042,USD,1973700000,N,"Consumer, Non-cyclical",Food,Food-Misc/Diversified
ZP405280,WES,5.05,1/9/2020,2/1/2030,USD,1200000000,N,Energy,Pipelines,Pipelines
AR534233,OXY,4.2,2/28/2018,3/15/2048,USD,1000000000,N,Energy,Oil&Gas,Oil Comp-Explor&Prodtn
ZR580923,KHC,4.875,9/11/2019,10/1/2049,USD,1500000000,N,"Consumer, Non-cyclical",Food,Food-Misc/Diversified
EJ477884,KHC,3.5,12/7/2012,6/6/2022,USD,1997620000,N,"Consumer, Non-cyclical",Food,Food-Misc/Diversified
EJ120541,APA,4.75,4/3/2012,4/15/2043,USD,1500000000,N,Energy,Oil&Gas,Oil Comp-Explor&Prodtn
ZP405279,WES,4.1,1/9/2020,2/1/2025,USD,1000000000,N,Energy,Pipelines,Pipelines
EI379267,APA,5.1,8/17/2010,9/1/2040,USD,1500000000,N,Energy,Oil&Gas,Oil Comp-Explor&Prodtn
BG089773,IEP,4.75,2/7/2020,9/15/2024,USD,1098090000,N,Financial,Investment Companies,Investment Companies
BG078519,ZAYO,6.125,2/20/2020,3/1/2028,USD,1080000000,N,Communications,Telecommunications,Telephone-Integrated
ZP609628,VICI,4.125,1/22/2020,8/15/2030,USD,1000000000,N,Financial,REITS,REITS-Diversified
ZP518874,PBFENE,6,1/16/2020,2/15/2028,USD,1000000000,N,Energy,Oil&Gas,Oil Refining&Marketing
AS940638,KHC,4.625,6/4/2018,1/30/2029,USD,1100000000,N,"Consumer, Non-cyclical",Food,Food-Misc/Diversified
BG016849,POST,4.625,2/11/2020,4/15/2030,USD,1650000000,N,"Consumer, Non-cyclical",Food,Food-Misc/Diversified
LW952929,KHC,5,7/19/2016,7/15/2035,USD,1000000000,N,"Consumer, Non-cyclical",Food,Food-Misc/Diversified
LW952920,KHC,3.95,7/19/2016,7/15/2025,USD,1999342000,N,"Consumer, Non-cyclical",Food,Food-Misc/Diversified
LW952932,KHC,5.2,7/19/2016,7/15/2045,USD,1999670000,N,"Consumer, Non-cyclical",Food,Food-Misc/Diversified
ZR632585,OXY,6.6,8/15/2019,3/15/2046,USD,1099221000,N,Energy,Oil&Gas,Oil Comp-Explor&Prodtn
ZP905173,CNC,3.375,2/5/2020,2/15/2030,USD,2000000000,N,"Consumer, Non-cyclical",Healthcare-Services,Medical-HMO
AZ421062,CQP,5.625,6/28/2019,10/1/2026,USD,1100000000,N,Energy,Pipelines,Pipelines
ZR580911,KHC,3.75,9/11/2019,4/1/2030,USD,1000000000,N,"Consumer, Non-cyclical",Food,Food-Misc/Diversified
ZP614164,ACI,4.875,1/22/2020,2/15/2030,USD,1000000000,N,"Consumer, Non-cyclical",Food,Food-Retail
ZP773492,S,7.25,1/30/2020,2/1/2028,USD,1000000000,N,Communications,Telecommunications,Cellular Telecom
ZQ526007,ACI,4.625,11/7/2019,1/15/2027,USD,1350000000,N,"Consumer, Non-cyclical",Food,Food-Retail
ZP303438,F,3.087,1/6/2020,1/9/2023,USD,1500000000,N,"Consumer, Cyclical",Auto Manufacturers,Auto-Cars/Light Trucks
ZP459145,HNDLIN,4.75,1/13/2020,1/30/2030,USD,1600000000,N,Basic Materials,Mining,Metal-Aluminum
ZP610050,SBAC,3.875,1/21/2020,2/15/2027,USD,1500000000,N,Financial,REITS,REITS-Diversified
ZP329565,TGNA,4.625,1/7/2020,3/15/2028,USD,1000000000,N,Communications,Media,Publishing-Newspapers
ZP680997,CNC,5.25,11/1/2019,4/1/2025,USD,1145791000,N,"Consumer, Non-cyclical",Healthcare-Services,Medical-HMO
EK874552,ZFFNGR,4.75,4/24/2015,4/29/2025,USD,1500000000,N,"Consumer, Cyclical",Auto Parts&Equipment,Auto/Trk Prts&Equip-Orig
AZ988246,OXY,2.6,8/6/2019,8/13/2021,USD,1500000000,N,Energy,Oil&Gas,Oil Comp-Explor&Prodtn
LW952937,KHC,4.375,7/19/2016,6/1/2046,USD,2984976000,N,"Consumer, Non-cyclical",Food,Food-Misc/Diversified
EJ247939,OXY,2.7,6/19/2012,2/15/2023,USD,1250000000,N,Energy,Oil&Gas,Oil Comp-Explor&Prodtn
BJ985200,DAL,7.375,6/10/2020,1/15/2026,USD,1250000000,N,"Consumer, Cyclical",Airlines,Airlines
BH962211,F,8.5,4/17/2020,4/21/2023,USD,3500000000,N,"Consumer, Cyclical",Auto Manufacturers,Auto-Cars/Light Trucks
BH962214,F,9,4/17/2020,4/22/2025,USD,3500000000,N,"Consumer, Cyclical",Auto Manufacturers,Auto-Cars/Light Trucks
BK103891,F,5.125,6/16/2020,6/16/2025,USD,1750000000,N,"Consumer, Cyclical",Auto Manufacturers,Auto-Cars/Light Trucks
BH962217,F,9.625,4/17/2020,4/22/2030,USD,1000000000,N,"Consumer, Cyclical",Auto Manufacturers,Auto-Cars/Light Trucks
BJ928949,SIRI,4.125,6/8/2020,7/1/2030,USD,1500000000,N,Communications,Media,Cable/Satellite TV
BK128425,CZR,8.125,6/19/2020,7/1/2027,USD,1800000000,N,"Consumer, Cyclical",Entertainment,Casino Services
BJ816239,CSCHLD,4.125,6/2/2020,12/1/2030,USD,1100000000,N,Communications,Media,Cable/Satellite TV
BK128990,IRM,5.25,6/17/2020,7/15/2030,USD,1300000000,N,Financial,REITS,REITS-Storage
BK104300,BMCAUS,4.375,6/16/2020,7/15/2030,USD,1100000000,N,Industrial,Building Materials,Bldg&Construct Prod-Misc
BK232014,DISH,7.375,6/24/2020,7/1/2028,USD,1000000000,N,Communications,Media,Cable/Satellite TV
BJ984398,LVLT,4.25,6/10/2020,7/1/2028,USD,1200000000,N,Communications,Telecommunications,Telephone-Integrated
BJ716187,WCC,7.25,5/29/2020,6/15/2028,USD,1325000000,N,Industrial,Electrical Compo&Equip,Electric Products-Misc
BK233798,CSGP,2.8,6/24/2020,7/15/2030,USD,1000000000,N,"Consumer, Non-cyclical",Commercial Services,Commercial Services
BJ765166,DHC,9.75,5/28/2020,6/15/2025,USD,1000000000,N,Financial,REITS,REITS-Health Care
BJ716179,WCC,7.125,5/29/2020,6/15/2025,USD,1500000000,N,Industrial,Electrical Compo&Equip,Electric Products-Misc
BJ718598,DVA,4.625,5/26/2020,6/1/2030,USD,1750000000,N,"Consumer, Non-cyclical",Healthcare-Services,Dialysis Centers
BJ065584,HWM,6.875,4/22/2020,5/1/2025,USD,1200000000,N,Industrial,Aerospace/Defense,Aerospace/Defense-Equip
BH715257,CCO,9.25,4/7/2020,2/15/2024,USD,1901259000,N,Communications,Media,Broadcast Serv/Program
BJ065935,ARMK,6.375,4/22/2020,5/1/2025,USD,1500000000,N,"Consumer, Cyclical",Food Service,Food-Catering
BJ264117,KHC,4.25,5/4/2020,3/1/2031,USD,1350000000,N,"Consumer, Non-cyclical",Food,Food-Misc/Diversified
BJ717595,MCHP,4.25,5/26/2020,9/1/2025,USD,1200000000,N,Technology,Semiconductors,Electronic Compo-Semicon
BJ097846,XPO,6.25,4/23/2020,5/1/2025,USD,1150000000,N,Industrial,Transportation,Transport-Truck
BH786416,CNC,4.625,4/8/2020,12/15/2029,USD,3500000000,N,"Consumer, Non-cyclical",Healthcare-Services,Medical-HMO
BJ477321,UBER,7.5,5/13/2020,5/15/2025,USD,1000000000,N,Communications,Internet,E-Commerce/Services
BH752726,CNC,4.25,4/8/2020,12/15/2027,USD,2497500000,N,"Consumer, Non-cyclical",Healthcare-Services,Medical-HMO
BJ264115,KHC,3.875,5/4/2020,5/15/2027,USD,1350000000,N,"Consumer, Non-cyclical",Food,Food-Misc/Diversified
BK256707,OXY,8.875,6/26/2020,7/15/2030,USD,1000000000,N,Energy,Oil&Gas,Oil Comp-Explor&Prodtn
BJ573345,MSCI,3.875,5/18/2020,2/15/2031,USD,1000000000,N,Technology,Software,Decision Support Softwar
ZQ635622,CYH,6.875,10/31/2019,4/1/2028,USD,1700394000,N,"Consumer, Non-cyclical",Healthcare-Services,Medical-Hospitals
BK746243,URI,3.875,7/31/2020,2/15/2031,USD,1100000000,N,"Consumer, Non-cyclical",Commercial Services,Rental Auto/Equipment
ZO514524,LB,6.625,9/16/2020,10/1/2030,USD,1000000000,N,"Consumer, Cyclical",Retail,Retail-Apparel/Shoe
ZO418868,YUM,3.625,9/9/2020,3/15/2031,USD,1050000000,N,"Consumer, Cyclical",Retail,Retail-Restaurants
ZO621475,CNC,3,9/23/2020,10/15/2030,USD,2200000000,N,"Consumer, Non-cyclical",Healthcare-Services,Medical-HMO
ZO418905,NLSN,5.625,9/10/2020,10/1/2028,USD,1000000000,N,"Consumer, Non-cyclical",Commercial Services,Commercial Services
ZO269471,THC,6.125,9/1/2020,10/1/2028,USD,2500000000,N,"Consumer, Non-cyclical",Healthcare-Services,Medical-Hospitals
ZO500537,NXST,4.75,9/15/2020,11/1/2028,USD,1000000000,N,Communications,Media,Broadcast Serv/Program
ZO393318,RADIAT,6.5,9/11/2020,9/15/2028,USD,1000000000,N,Communications,Media,Cable/Satellite TV
BH751468,CNC,3.375,4/8/2020,2/15/2030,USD,1997310000,N,"Consumer, Non-cyclical",Healthcare-Services,Medical-HMO
BK404815,CHTR,4.25,7/6/2020,2/1/2031,USD,3000000000,N,Communications,Media,Cable/Satellite TV
ZO419254,QUICKN,3.875,9/9/2020,3/1/2031,USD,1250000000,N,Financial,Diversified Finan Serv,Finance-Mtge Loan/Banker
BK840738,DVA,3.75,8/6/2020,2/15/2031,USD,1500000000,N,"Consumer, Non-cyclical",Healthcare-Services,Dialysis Centers
BJ819175,CSCHLD,4.625,6/2/2020,12/1/2030,USD,2325000000,N,Communications,Media,Cable/Satellite TV
BK913530,F,4.125,8/12/2020,8/17/2027,USD,1250000000,N,"Consumer, Cyclical",Auto Manufacturers,Auto-Cars/Light Trucks
BK912979,OXY,6.625,8/12/2020,9/1/2030,USD,1500000000,N,Energy,Oil&Gas,Oil Comp-Explor&Prodtn
BK731780,NFP,6.875,7/30/2020,8/15/2028,USD,1775000000,N,Financial,Diversified Finan Serv,Invest Mgmnt/Advis Serv
BK876343,BLL,2.875,8/10/2020,8/15/2030,USD,1300000000,N,Industrial,Packaging&Containers,Containers-Metal/Glass
BJ799510,CQP,4.5,5/29/2020,10/1/2029,USD,1499900000,N,Energy,Pipelines,Pipelines
BK766503,CSCHLD,3.375,8/3/2020,2/15/2031,USD,1000000000,N,Communications,Media,Cable/Satellite TV
BK913529,F,3.37,8/12/2020,11/17/2023,USD,1000000000,N,"Consumer, Cyclical",Auto Manufacturers,Auto-Cars/Light Trucks
BK415480,AVTR,4.625,7/7/2020,7/15/2028,USD,1550000000,N,"Consumer, Non-cyclical",Healthcare-Products,Diagnostic Equipment
BK862250,BMCAUS,3.375,8/7/2020,1/15/2031,USD,1100000000,N,Industrial,Building Materials,Bldg&Construct Prod-Misc
BK892581,BKFS,3.625,8/12/2020,9/1/2028,USD,1000000000,N,Technology,Software,Transactional Software
BK877306,IRM,4.5,8/10/2020,2/15/2031,USD,1100000000,N,Financial,REITS,REITS-Storage
BK892428,NGLS,4.875,8/11/2020,2/1/2031,USD,1000000000,N,Energy,Pipelines,Pipelines
AN253133,TEACLL,6.75,4/20/2017,6/1/2025,USD,1230000000,N,Technology,Computers,Computer Services
BM966163,OXY,6.125,12/8/2020,1/1/2031,USD,1250000000,N,Energy,Oil&Gas,Oil Comp-Explor&Prodtn
AO026265,FE,4.85,6/19/2017,7/15/2047,USD,1000000000,N,Utilities,Electric,Electric-Integrated
BM350346,F,3.375,11/9/2020,11/13/2025,USD,2100000000,N,"Consumer, Cyclical",Auto Manufacturers,Auto-Cars/Light Trucks
BM349476,ALSN,3.75,11/9/2020,1/30/2031,USD,1000000000,N,"Consumer, Cyclical",Auto Manufacturers,Auto-Med&Heavy Duty Trks
BM832627,HEES,3.875,11/30/2020,12/15/2028,USD,1250000000,N,"Consumer, Cyclical",Distribution/Wholesale,Distribution/Wholesale
BM350347,F,4,11/9/2020,11/13/2030,USD,1650000000,N,"Consumer, Cyclical",Auto Manufacturers,Auto-Cars/Light Trucks
BM587846,NRG,3.625,11/17/2020,2/15/2031,USD,1030000000,N,Utilities,Electric,Independ Power Producer
BM664362,MPW,3.5,11/19/2020,3/15/2031,USD,1300000000,N,Financial,REITS,REITS-Health Care
EC478184,FE,7.375,11/8/2001,11/15/2031,USD,1500000000,N,Utilities,Electric,Electric-Integrated
BN104132,DISH,0,12/17/2020,12/15/2025,USD,2000000000,Y,Communications,Media,Cable/Satellite TV
BM389490,CLR,5.75,11/10/2020,1/15/2031,USD,1500000000,N,Energy,Oil&Gas,Oil Comp-Explor&Prodtn
BM585214,HLT,4,11/16/2020,5/1/2031,USD,1100000000,N,"Consumer, Cyclical",Lodging,Hotels&Motels
BM122465,MLTPLN,5.75,10/27/2020,11/1/2028,USD,1300000000,N,"Consumer, Non-cyclical",Commercial Services,Commercial Serv-Finance
BM709861,LUMN,4.5,11/23/2020,1/15/2029,USD,1000000000,N,Communications,Telecommunications,Telephone-Integrated
BK893559,ACI,3.5,8/11/2020,3/15/2029,USD,1350000000,N,"Consumer, Non-cyclical",Food,Food-Retail
BM664134,AES,2.45,11/19/2020,1/15/2031,USD,1000000000,N,Utilities,Electric,Electric-Integrated
ZR895639,ALIANT,6.75,10/2/2019,10/15/2027,USD,1340000000,N,Financial,Insurance,Insurance Brokers
AO026264,FE,3.9,6/19/2017,7/15/2027,USD,1500000000,N,Utilities,Electric,Electric-Integrated
EK007196,IHRT,14,12/31/2013,2/1/2021,USD,1582310714,N,Communications,Media,Broadcast Serv/Program
EK709771,SWN,6.45,1/20/2015,1/23/2025,USD,1000000000,N,Energy,Oil&Gas,Oil Comp-Explor&Prodtn
EI326436,FTR,8.5,7/15/2010,4/15/2020,USD,1247330000,N,Communications,Telecommunications,Telephone-Integrated
EJ324429,CXO,5.5,8/14/2012,4/1/2023,USD,1550000000,N,Energy,Oil&Gas,Oil Comp-Explor&Prodtn
EJ417812,EPENEG,9.375,10/22/2012,5/1/2020,USD,2000000000,N,Energy,Oil&Gas,Oil Comp-Explor&Prodtn
AL592522,CHK,8,12/6/2016,1/15/2025,USD,1300000000,N,Energy,Oil&Gas,Oil Comp-Explor&Prodtn
EJ150281,CYH,8,4/25/2012,11/15/2019,USD,2000000000,N,"Consumer, Non-cyclical",Healthcare-Services,Medical-Hospitals
JK794894,CC,6.625,4/13/2016,5/15/2023,USD,1348499341,N,Basic Materials,Chemicals,Chemicals-Specialty
EJ288605,LAUR,9.25,7/20/2012,9/1/2019,USD,1400000000,N,"Consumer, Non-cyclical",Commercial Services,Schools
EI020400,NAV,8.25,10/22/2009,11/1/2021,USD,1550000000,N,"Consumer, Cyclical",Auto Manufacturers,Auto-Med&Heavy Duty Trks
EK403855,MU,5.5,7/23/2014,2/1/2025,USD,1150000000,N,Technology,Semiconductors,Electronic Compo-Semicon
JK520560,WDC,10.5,3/30/2016,4/1/2024,USD,3350000000,N,Technology,Computers,Computers-Memory Devices
EJ873954,TMUS,6.464,10/8/2013,4/28/2019,USD,1250000000,N,Communications,Telecommunications,Cellular Telecom
EJ157190,CIT,5,5/1/2012,5/15/2017,USD,1250000000,N,Financial,Banks,Commer Banks-Eastern US
EJ704932,DELL,1.875,6/3/2013,6/1/2018,USD,2500000000,N,Technology,Computers,Computers-Memory Devices
LW606951,DLTR,5.75,6/27/2016,3/1/2023,USD,2492266000,N,"Consumer, Cyclical",Retail,Retail-Discount
EK242445,IEP,4.875,4/24/2014,3/15/2019,USD,1274755000,N,Financial,Investment Companies,Investment Companies
LW650389,GM,3.2,6/29/2016,7/6/2021,USD,2000000000,N,"Consumer, Cyclical",Auto Manufacturers,Auto-Cars/Light Trucks
EK619283,HLT,5.625,11/20/2014,10/15/2021,USD,1500000000,N,"Consumer, Cyclical",Lodging,Hotels&Motels
EI868919,S,9,11/4/2011,11/15/2018,USD,3000000000,N,Communications,Telecommunications,Cellular Telecom
EK012633,TMUS,6.25,1/6/2014,4/1/2021,USD,1750000000,N,Communications,Telecommunications,Cellular Telecom
EJ276732,CYH,7.125,7/9/2012,7/15/2020,USD,1200000000,N,"Consumer, Non-cyclical",Healthcare-Services,Medical-Hospitals
QJ130027,GM,3.1,10/7/2015,1/15/2019,USD,1500000000,N,"Consumer, Cyclical",Auto Manufacturers,Auto-Cars/Light Trucks
EJ372491,BHCCN,6.375,9/20/2012,10/15/2020,USD,2250000000,N,"Consumer, Non-cyclical",Pharmaceuticals,Medical-Drugs
JK259154,GM,5.25,2/25/2016,3/1/2026,USD,1250000000,N,"Consumer, Cyclical",Auto Manufacturers,Auto-Cars/Light Trucks
UV308871,VST,6.75,7/17/2015,11/1/2019,USD,2100000000,N,Utilities,Electric,Independ Power Producer
QZ184777,HLT,4.25,8/8/2016,9/1/2024,USD,1000000000,N,"Consumer, Cyclical",Lodging,Hotels&Motels
JK822368,NTY,7.625,4/21/2016,5/15/2021,USD,1075000000,N,"Consumer, Non-cyclical",Pharmaceuticals,Medical-Drugs
QJ514418,FDC,7,10/29/2015,12/1/2023,USD,3400000000,N,Technology,Software,Data Processing/Mgmt
EJ826166,FCX,2.375,9/9/2013,3/15/2018,USD,1499700000,N,Basic Materials,Mining,Metal-Copper
JK964017,FTR,8.875,4/28/2016,9/15/2020,USD,1065436000,N,Communications,Telecommunications,Telephone-Integrated
EK347799,GM,3.5,6/20/2014,10/2/2018,USD,1492843000,N,"Consumer, Cyclical",Auto Manufacturers,Auto-Cars/Light Trucks
EH936693,S,8.375,8/10/2009,8/15/2017,USD,1300000000,N,Communications,Telecommunications,Cellular Telecom
EK362255,GM,5.2,11/4/2014,4/1/2045,USD,1250000000,N,"Consumer, Cyclical",Auto Manufacturers,Auto-Cars/Light Trucks
EJ010990,LB,5.625,2/2/2012,2/15/2022,USD,1000000000,N,"Consumer, Cyclical",Retail,Retail-Apparel/Shoe
EC112170,ALUFP,6.45,3/10/1999,3/15/2029,USD,1360000000,N,Communications,Telecommunications,Telecommunication Equip
EC538184,DVN,7.875,2/7/2002,9/30/2031,USD,1250000000,N,Energy,Oil&Gas,Oil Comp-Explor&Prodtn
JK676097,MGMGPO,5.625,4/6/2016,5/1/2024,USD,1050000000,N,Financial,REITS,REITS-Hotels
EK347811,GM,4.875,6/20/2014,10/2/2023,USD,1498590000,N,"Consumer, Cyclical",Auto Manufacturers,Auto-Cars/Light Trucks
LW031177,GM,3.7,5/4/2016,5/9/2023,USD,1200000000,N,"Consumer, Cyclical",Auto Manufacturers,Auto-Cars/Light Trucks
LW943412,NRG,6.625,7/19/2016,1/15/2027,USD,1250000000,N,Utilities,Electric,Independ Power Producer
QZ153181,ACI,5.75,8/4/2016,3/15/2025,USD,1250000000,N,"Consumer, Non-cyclical",Food,Food-Retail
EK686947,GM,4,1/7/2015,1/15/2025,USD,1000000000,N,"Consumer, Cyclical",Auto Manufacturers,Auto-Cars/Light Trucks
EK344648,WMB,4.55,6/19/2014,6/24/2024,USD,1250000000,N,Energy,Pipelines,Pipelines
LW065129,NRG,7.25,5/9/2016,5/15/2026,USD,1000000000,N,Utilities,Electric,Independ Power Producer
EJ215167,WPX,6,5/23/2012,1/15/2022,USD,1099000000,N,Energy,Oil&Gas,Oil Comp-Explor&Prodtn
EK012699,TMUS,6.625,1/6/2014,4/1/2023,USD,1744075000,N,Communications,Telecommunications,Cellular Telecom
EJ874896,TMUS,6.542,10/8/2013,4/28/2020,USD,1250000000,N,Communications,Telecommunications,Cellular Telecom
EK453819,RGCARE,5.5,8/21/2014,12/1/2021,USD,1100000000,N,"Consumer, Non-cyclical",Healthcare-Services,Medical-Hospitals
JK596811,HDSUPP,5.75,3/28/2016,4/15/2024,USD,1000000000,N,"Consumer, Cyclical",Distribution/Wholesale,Distribution/Wholesale
EJ776389,BMC,8.125,8/7/2013,7/15/2021,USD,1775000000,N,Technology,Software,Enterprise Software/Serv
EI461053,TMUS,6.625,11/5/2010,11/15/2020,USD,1000000000,N,Communications,Telecommunications,Cellular Telecom
EK706528,EVHC,5.625,1/6/2015,7/15/2022,USD,1098920000,N,"Consumer, Non-cyclical",Healthcare-Services,Medical Labs&Testing Srv
EJ070521,CIT,5.25,3/12/2012,3/15/2018,USD,1500000000,N,Financial,Banks,Commer Banks-Eastern US
EK499510,ZBRA,7.25,9/30/2014,10/15/2022,USD,1050000000,N,Technology,Office/Business Equip,Office Automation&Equip
EK988314,HOLX,5.25,6/18/2015,7/15/2022,USD,1000000000,N,"Consumer, Non-cyclical",Healthcare-Products,Medical Products
EH415740,NAVI,8.45,6/11/2008,6/15/2018,USD,2500000000,N,Financial,Diversified Finan Serv,Finance-Consumer Loans
AF228598,GM,3.2,7/8/2015,7/13/2020,USD,1500000000,N,"Consumer, Cyclical",Auto Manufacturers,Auto-Cars/Light Trucks
EI637600,AER,8.75,4/6/2011,3/15/2017,USD,1500000000,N,Financial,Diversified Finan Serv,Finance-Leasing Compan
EK608618,KLXI,5.875,11/21/2014,12/1/2022,USD,1200000000,N,Industrial,Aerospace/Defense,Aerospace/Defense-Equip
EJ659548,STZ,4.25,4/30/2013,5/1/2023,USD,1050000000,N,"Consumer, Non-cyclical",Beverages,Brewery
EJ828975,HBGCN,7.875,9/17/2013,10/1/2021,USD,1230000000,N,Financial,Insurance,Insurance Brokers
EJ315132,NUAN,5.375,8/9/2012,8/15/2020,USD,1050000000,N,Technology,Software,Applications Software
EJ400595,CEQUEL,6.375,10/11/2012,9/15/2020,USD,1500000000,N,Communications,Media,Cable/Satellite TV
EJ873960,TMUS,6.633,10/8/2013,4/28/2021,USD,1250000000,N,Communications,Telecommunications,Cellular Telecom
QZ095354,SBAC,4.875,8/1/2016,9/1/2024,USD,1100000000,N,Financial,REITS,REITS-Diversified
EI490904,AER,8.25,12/2/2010,12/15/2020,USD,1000000000,N,Financial,Diversified Finan Serv,Finance-Leasing Compan
EK242397,IEP,3.5,4/24/2014,3/15/2017,USD,1174800000,N,Financial,Investment Companies,Investment Companies
QJ874788,GM,3.7,11/19/2015,11/24/2020,USD,1000000000,N,"Consumer, Cyclical",Auto Manufacturers,Auto-Cars/Light Trucks
EJ944945,TMUS,6.125,11/18/2013,1/15/2022,USD,1000000000,N,Communications,Telecommunications,Cellular Telecom
EJ874908,TMUS,6.731,10/8/2013,4/28/2022,USD,1250000000,N,Communications,Telecommunications,Cellular Telecom
JK258120,GM,4.2,2/25/2016,3/1/2021,USD,1500000000,N,"Consumer, Cyclical",Auto Manufacturers,Auto-Cars/Light Trucks
EK846764,GM,3.45,4/7/2015,4/10/2022,USD,1250000000,N,"Consumer, Cyclical",Auto Manufacturers,Auto-Cars/Light Trucks
EI685750,AER,6.25,5/19/2011,5/15/2019,USD,1250000000,N,Financial,Diversified Finan Serv,Finance-Leasing Compan
EK355400,TLN,4.625,7/2/2014,7/15/2019,USD,1250000000,N,Utilities,Electric,Electric-Integrated
EK726619,MU,5.25,1/29/2015,8/1/2023,USD,1000000000,N,Technology,Semiconductors,Electronic Compo-Semicon
LW204672,ACI,6.625,5/25/2016,6/15/2024,USD,1250000000,N,"Consumer, Non-cyclical",Food,Food-Retail
LW029964,GM,2.4,5/4/2016,5/9/2019,USD,1400000000,N,"Consumer, Cyclical",Auto Manufacturers,Auto-Cars/Light Trucks
EI619567,LB,6.625,3/22/2011,4/1/2021,USD,1000000000,N,"Consumer, Cyclical",Retail,Retail-Apparel/Shoe
EJ842496,NAVI,5.5,9/17/2013,1/15/2019,USD,1250000000,N,Financial,Diversified Finan Serv,Finance-Consumer Loans
EK508709,GM,4.375,9/22/2014,9/25/2021,USD,1250000000,N,"Consumer, Cyclical",Auto Manufacturers,Auto-Cars/Light Trucks
EK322340,GATGLO,6,6/12/2014,7/15/2022,USD,1190000000,N,Industrial,Miscellaneous Manufactur,Rubber/Plastic Products
EH124103,OMF,6.9,12/12/2007,12/15/2017,USD,3000000000,N,Financial,Diversified Finan Serv,Finance-Consumer Loans
EJ305966,CIT,4.25,7/31/2012,8/15/2017,USD,1750000000,N,Financial,Banks,Commer Banks-Eastern US
UV985824,IRM,6,9/24/2015,10/1/2020,USD,1000000000,N,Financial,REITS,REITS-Storage
EK874546,ZFFNGR,4.5,4/24/2015,4/29/2022,USD,1000000000,N,"Consumer, Cyclical",Auto Parts&Equipment,Auto/Trk Prts&Equip-Orig
EK073202,CIT,3.875,2/12/2014,2/19/2019,USD,1000000000,N,Financial,Banks,Commer Banks-Eastern US
EJ772490,DISH,4.25,7/29/2013,4/1/2018,USD,1200000000,N,Communications,Media,Cable/Satellite TV
EJ010846,CIT,5.5,2/2/2012,2/15/2019,USD,1750000000,N,Financial,Banks,Commer Banks-Eastern US
EK347817,GM,6.25,6/20/2014,10/2/2043,USD,1499952000,N,"Consumer, Cyclical",Auto Manufacturers,Auto-Cars/Light Trucks
EK874522,ZFFNGR,4,4/24/2015,4/29/2020,USD,1000000000,N,"Consumer, Cyclical",Auto Parts&Equipment,Auto/Trk Prts&Equip-Orig
EK917189,ALLY,3.6,5/14/2015,5/21/2018,USD,1000000000,N,Financial,Diversified Finan Serv,Finance-Auto Loans
EJ019872,ALLY,5.5,2/9/2012,2/15/2017,USD,1500000000,N,Financial,Diversified Finan Serv,Finance-Auto Loans
EK340392,WSTC,5.375,6/18/2014,7/15/2022,USD,1000000000,N,Communications,Telecommunications,Telecom Services
EJ970068,ALLY,2.75,12/2/2013,1/30/2017,USD,1000000000,N,Financial,Diversified Finan Serv,Finance-Auto Loans
EK686923,GM,3.15,1/7/2015,1/15/2020,USD,1000000000,N,"Consumer, Cyclical",Auto Manufacturers,Auto-Cars/Light Trucks
JK179794,GM,6.6,2/18/2016,4/1/2036,USD,1250000000,N,"Consumer, Cyclical",Auto Manufacturers,Auto-Cars/Light Trucks
UV332991,THC,5,7/21/2015,3/1/2019,USD,1077666000,N,"Consumer, Non-cyclical",Healthcare-Services,Medical-Hospitals
AM075347,WDC,10.5,1/6/2017,4/1/2024,USD,3332119000,N,Technology,Computers,Computers-Memory Devices
AM536780,ACM,5.125,2/15/2017,3/15/2027,USD,1000000000,N,Industrial,Engineering&Construction,Engineering/R&D Services
AM966499,ASCRES,10,3/29/2017,4/1/2022,USD,1500000000,N,Energy,Oil&Gas,Oil Comp-Explor&Prodtn
AM409922,DFS,4.1,2/6/2017,2/9/2027,USD,1000000000,N,Financial,Diversified Finan Serv,Finance-Credit Card
EH128393,NGPLCO,7.119,12/14/2007,12/15/2017,USD,1250000000,N,Energy,Pipelines,Pipelines
AP210110,EXPE,3.8,9/18/2017,2/15/2028,USD,1000000000,N,Communications,Internet,E-Commerce/Services
AN710660,CHK,8,5/22/2017,6/15/2027,USD,1300000000,N,Energy,Oil&Gas,Oil Comp-Explor&Prodtn
AM489401,CLF,5.75,2/10/2017,3/1/2025,USD,1075000000,N,Basic Materials,Iron/Steel,Metal-Iron
AP152060,CXO,3.75,9/13/2017,10/1/2027,USD,1000000000,N,Energy,Oil&Gas,Oil Comp-Explor&Prodtn
AQ389584,WLL,6.625,12/12/2017,1/15/2026,USD,1000000000,N,Energy,Oil&Gas,Oil Comp-Explor&Prodtn
AQ230636,POST,5.625,11/28/2017,1/15/2028,USD,1000000000,N,"Consumer, Non-cyclical",Food,Food-Misc/Diversified
AQ293441,CLR,4.375,12/4/2017,1/15/2028,USD,1000000000,N,Energy,Oil&Gas,Oil Comp-Explor&Prodtn
AR883948,CEQUEL,7.5,3/22/2018,4/1/2028,USD,1050000000,N,Communications,Media,Cable/Satellite TV
AQ665451,SUN,4.875,1/9/2018,1/15/2023,USD,1000000000,N,Energy,Oil&Gas,Oil Refining&Marketing
EK403000,SAIVST,9.75,7/22/2014,2/15/2020,USD,2250000000,N,Energy,Oil&Gas,Oil Comp-Explor&Prodtn
EK492935,VER,2,9/12/2014,2/6/2017,USD,1300000000,N,Financial,REITS,REITS-Single Tenant
EJ379173,LINE,6.5,9/24/2012,5/15/2019,USD,1200000000,N,Energy,Oil&Gas,Oil Comp-Explor&Prodtn
EK474593,CRC,6,9/11/2014,11/15/2024,USD,2250000000,N,Energy,Oil&Gas,Oil Comp-Explor&Prodtn
EI846390,SD,7.5,10/13/2011,3/15/2021,USD,1173828000,N,Energy,Oil&Gas,Oil Comp-Explor&Prodtn
EI198075,LINE,8.625,3/30/2010,4/15/2020,USD,1300000000,N,Energy,Oil&Gas,Oil Comp-Explor&Prodtn
EJ655099,HKUS,8.875,4/25/2013,5/15/2021,USD,1350000000,N,Energy,Oil&Gas,Oil Comp-Explor&Prodtn
EK175352,CHK,4.875,4/10/2014,4/15/2022,USD,1500000000,N,Energy,Oil&Gas,Oil Comp-Explor&Prodtn
EK392792,OAS,6.875,7/16/2014,3/15/2022,USD,1000000000,N,Energy,Oil&Gas,Oil Comp-Explor&Prodtn
EJ655084,HKUS,9.75,4/25/2013,7/15/2020,USD,1150000000,N,Energy,Oil&Gas,Oil Comp-Explor&Prodtn
EJ371685,BTU,6.25,9/18/2012,11/15/2021,USD,1339144000,N,Energy,Coal,Coal
EJ825284,WLL,5.75,9/9/2013,3/15/2021,USD,1200000000,N,Energy,Oil&Gas,Oil Comp-Explor&Prodtn
EJ825278,WLL,5,9/9/2013,3/15/2019,USD,1100000000,N,Energy,Oil&Gas,Oil Comp-Explor&Prodtn
EK328988,SNEC,6.125,6/13/2014,1/15/2023,USD,1150000000,N,Energy,Oil&Gas,Oil Comp-Explor&Prodtn
EK309890,LINE,6.25,6/2/2014,11/1/2019,USD,1799996000,N,Energy,Oil&Gas,Oil Comp-Explor&Prodtn
EJ176746,ARCH,7.25,5/3/2012,6/15/2021,USD,1000000000,N,Energy,Coal,Coal
EJ599041,CHK,5.75,3/18/2013,3/15/2023,USD,1100000000,N,Energy,Oil&Gas,Oil Comp-Explor&Prodtn
EJ176721,ARCH,7,5/3/2012,6/15/2019,USD,1000000000,N,Energy,Coal,Coal
EK238358,AR,5.125,4/23/2014,12/1/2022,USD,1100000000,N,Energy,Oil&Gas,Oil Comp-Explor&Prodtn
EK474575,CRC,5,9/11/2014,1/15/2020,USD,1000000000,N,Energy,Oil&Gas,Oil Comp-Explor&Prodtn
EJ371680,BTU,6,9/18/2012,11/15/2018,USD,1515566000,N,Energy,Coal,Coal
EI400069,LINE,7.75,9/8/2010,2/1/2021,USD,1000000000,N,Energy,Oil&Gas,Oil Comp-Explor&Prodtn
EI533361,HBI,6.375,1/7/2011,12/15/2020,USD,1000000000,N,"Consumer, Cyclical",Apparel,Apparel Manufacturers
EJ481385,WPZ,4.875,12/12/2012,5/15/2023,USD,1400000000,N,Energy,Pipelines,Pipelines
EI223996,MGM,4.25,4/15/2010,4/15/2015,USD,1450000000,Y,"Consumer, Cyclical",Lodging,Casino Hotels
EK175316,CHK,6.03731,4/10/2014,4/15/2019,USD,1500000000,N,Energy,Oil&Gas,Oil Comp-Explor&Prodtn
EK586466,SGMS,10,11/14/2014,12/1/2022,USD,2200000000,N,"Consumer, Cyclical",Entertainment,Gambling (Non-Hotel)
EK474587,CRC,5.5,9/11/2014,9/15/2021,USD,1750000000,N,Energy,Oil&Gas,Oil Comp-Explor&Prodtn
EJ460529,POST,7.375,11/27/2012,2/15/2022,USD,1375000000,N,"Consumer, Non-cyclical",Food,Food-Misc/Diversified
EJ627895,USFOOD,8.5,4/5/2013,6/30/2019,USD,1350000000,N,"Consumer, Non-cyclical",Food,Food-Wholesale/Distrib
EK586202,DISH,5.875,11/5/2014,11/15/2024,USD,2000000000,N,Communications,Media,Cable/Satellite TV
EI349740,CHK,6.625,8/9/2010,8/15/2020,USD,1400000000,N,Energy,Oil&Gas,Oil Comp-Explor&Prodtn
EK574501,CHTR,5.75,10/29/2014,12/1/2024,USD,2000000000,N,Communications,Media,Cable/Satellite TV
EF858094,S,6,11/15/2006,12/1/2016,USD,2000000000,N,Communications,Telecommunications,Cellular Telecom
EI897085,FDC,12.625,12/1/2011,1/15/2021,USD,2999994000,N,Technology,Software,Data Processing/Mgmt
EK169708,CNX,5.875,4/10/2014,4/15/2022,USD,1850000000,N,Energy,Oil&Gas,Oil Comp-Explor&Prodtn
EI790943,HTZ,6.75,8/19/2011,4/15/2019,USD,1250000000,N,"Consumer, Non-cyclical",Commercial Services,Rental Auto/Equipment
EI555415,CNX,8.25,1/27/2011,4/1/2020,USD,1250000000,N,Energy,Oil&Gas,Oil Comp-Explor&Prodtn
EI351253,GT,8.25,8/10/2010,8/15/2020,USD,1000000000,N,"Consumer, Cyclical",Auto Parts&Equipment,Rubber-Tires
EJ617664,ADT,3.5,4/1/2013,7/15/2022,USD,1000000000,N,"Consumer, Non-cyclical",Commercial Services,Protection-Safety
EI568961,CHK,6.125,2/8/2011,2/15/2021,USD,1000000000,N,Energy,Oil&Gas,Oil Comp-Explor&Prodtn
EI453546,WYNNLV,7.75,10/28/2010,8/15/2020,USD,1320000000,N,"Consumer, Cyclical",Lodging,Casino Hotels
EJ371435,ALB,4.625,9/20/2012,10/15/2020,USD,1250000000,N,Basic Materials,Chemicals,Chemicals-Specialty
EI480640,CHTR,7.25,11/23/2010,10/30/2017,USD,1000000000,N,Communications,Media,Cable/Satellite TV
EI463143,ALLY,8,11/8/2010,3/15/2020,USD,1898963000,N,Financial,Diversified Finan Serv,Finance-Auto Loans
EF910110,DISH,7.125,10/11/2006,2/1/2016,USD,1500000000,N,Communications,Media,Cable/Satellite TV
EI536165,NAVI,6.25,1/11/2011,1/25/2016,USD,2000000000,N,Financial,Diversified Finan Serv,Finance-Consumer Loans
EJ756529,ALLY,3.5,7/15/2013,7/18/2016,USD,1000000000,N,Financial,Diversified Finan Serv,Finance-Auto Loans
EI528874,CHTR,7,1/4/2011,1/15/2019,USD,1400000000,N,Communications,Media,Cable/Satellite TV
EJ538523,CCI,5.25,1/30/2013,1/15/2023,USD,1649870000,N,Financial,REITS,REITS-Diversified
EK027071,ARMK,5.75,1/13/2014,3/15/2020,USD,1000000000,N,"Consumer, Cyclical",Food Service,Food-Catering
EG444388,CHK,2.5,5/10/2007,5/15/2037,USD,1650000000,Y,Energy,Oil&Gas,Oil Comp-Explor&Prodtn
EF740302,MAS,6.125,9/28/2006,10/3/2016,USD,1000000000,N,Industrial,Building Materials,Bldg Prod-Wood
EJ259836,REYNOL,9.875,6/25/2012,8/15/2019,USD,2241033000,N,Industrial,Packaging&Containers,Containers-Paper/Plastic
EK574471,CHTR,5.5,10/29/2014,12/1/2022,USD,1500000000,N,Communications,Media,Cable/Satellite TV
EI768482,CNHI,7.875,7/7/2011,12/1/2017,USD,1497900000,N,Industrial,Machinery-Diversified,Machinery-Farm
EI846230,NRG,7.625,10/7/2011,1/15/2018,USD,1200000000,N,Utilities,Electric,Independ Power Producer
EJ497990,URI,7.625,12/5/2012,4/15/2022,USD,1325000000,N,"Consumer, Non-cyclical",Commercial Services,Rental Auto/Equipment
EK166678,NRG,6.25,4/4/2014,5/1/2024,USD,1000000000,N,Utilities,Electric,Independ Power Producer
EJ546521,HDSUPP,11.5,2/5/2013,7/15/2020,USD,1000000000,N,"Consumer, Cyclical",Distribution/Wholesale,Distribution/Wholesale
EJ252285,ALLY,4.625,6/21/2012,6/26/2015,USD,1600000000,N,Financial,Diversified Finan Serv,Finance-Auto Loans
EI126232,WIN,7.875,1/25/2010,11/1/2017,USD,1097000000,N,Communications,Telecommunications,Telecom Services
EK361133,EVHC,5.625,7/1/2014,7/15/2022,USD,1100000000,N,"Consumer, Non-cyclical",Healthcare-Services,Medical Labs&Testing Srv
EI664076,CHTR,6.5,5/3/2011,4/30/2021,USD,1500000000,N,Communications,Media,Cable/Satellite TV
EJ923590,ALUFP,6.75,11/7/2013,11/15/2020,USD,1000000000,N,Communications,Telecommunications,Telecommunication Equip
EJ128955,LVLT,8.125,4/9/2012,7/1/2019,USD,1200000000,N,Communications,Telecommunications,Telephone-Integrated
EK413109,LVLT,5.375,7/29/2014,8/15/2022,USD,1000000000,N,Communications,Telecommunications,Telephone-Integrated
EJ259796,REYNOL,9,6/25/2012,4/15/2019,USD,1499990000,N,Industrial,Packaging&Containers,Containers-Paper/Plastic
EJ504536,MWE,4.5,1/7/2013,7/15/2023,USD,1000000000,N,Energy,Pipelines,Pipelines
EJ986328,NAVI,4.875,12/11/2013,6/17/2019,USD,1000000000,N,Financial,Diversified Finan Serv,Finance-Consumer Loans
EI835929,HCA,7.75,10/5/2011,5/15/2021,USD,1524500000,N,"Consumer, Non-cyclical",Healthcare-Services,Medical-Hospitals
EK111440,THC,5,3/5/2014,3/1/2019,USD,1100000000,N,"Consumer, Non-cyclical",Healthcare-Services,Medical-Hospitals
EK119754,MLTPLN,6.625,3/18/2014,4/1/2022,USD,1000000000,N,"Consumer, Non-cyclical",Commercial Services,Commercial Serv-Finance
EJ691039,BMET,6.5,5/21/2013,8/1/2020,USD,1824995000,N,"Consumer, Non-cyclical",Healthcare-Products,Medical Products
EJ816421,ATVI,5.625,9/12/2013,9/15/2021,USD,1500000000,N,Technology,Software,Entertainment Software
EI685746,AER,5.75,5/19/2011,5/15/2016,USD,1000000000,N,Financial,Diversified Finan Serv,Finance-Leasing Compan
EJ901114,SNDK,0.5,10/23/2013,10/15/2020,USD,1500000000,Y,Technology,Computers,Computers-Memory Devices
EI640278,ALLY,7.5,4/8/2011,9/15/2020,USD,1750000000,N,Financial,Diversified Finan Serv,Finance-Auto Loans
EK519814,NRG,6.25,6/26/2014,7/15/2022,USD,1100000000,N,Utilities,Electric,Independ Power Producer
EJ567826,HOLX,6.25,2/21/2013,8/1/2020,USD,1000000000,N,"Consumer, Non-cyclical",Healthcare-Products,Medical Products
EJ737276,SLH,6,6/27/2013,6/15/2021,USD,1685000000,N,Technology,Software,Data Processing/Mgmt
EI867482,PNK,7.5,10/27/2011,4/15/2021,USD,1038780000,N,"Consumer, Cyclical",Entertainment,Gambling (Non-Hotel)
EI998729,NRG,7.875,1/23/2012,5/15/2021,USD,1200000000,N,Utilities,Electric,Independ Power Producer
EI381248,SNDK,1.5,8/19/2010,8/15/2017,USD,1000000000,Y,Technology,Computers,Computers-Memory Devices
EJ893848,HDSUPP,7.5,10/18/2013,7/15/2020,USD,1274860000,N,"Consumer, Cyclical",Distribution/Wholesale,Distribution/Wholesale
EF272105,HCA,6.5,2/3/2006,2/15/2016,USD,1000000000,N,"Consumer, Non-cyclical",Healthcare-Services,Medical-Hospitals
EI637588,AER,8.625,4/6/2011,9/15/2015,USD,1249700000,N,Financial,Diversified Finan Serv,Finance-Leasing Compan
EI618850,NRG,8.25,3/21/2011,9/1/2020,USD,1098875000,N,Utilities,Electric,Independ Power Producer
EF420252,LUMN,7.082,5/12/2006,6/1/2016,USD,2000000000,N,Communications,Telecommunications,Telecom Services
EI446194,ALLY,8.3,10/21/2010,2/12/2015,USD,1970000000,N,Financial,Diversified Finan Serv,Finance-Auto Loans
EI656942,BMCAUS,6.75,4/26/2011,5/1/2021,USD,1010000000,N,Industrial,Building Materials,Bldg&Construct Prod-Misc
EJ399184,PPDI,9.375,10/10/2012,10/15/2017,USD,1125000000,N,"Consumer, Non-cyclical",Commercial Services,Research&Development
EI999394,NAVI,6,1/24/2012,1/25/2017,USD,1100000000,N,Financial,Diversified Finan Serv,Finance-Consumer Loans
EJ010822,CIT,4.75,2/2/2012,2/15/2015,USD,1500000000,N,Financial,Banks,Commer Banks-Eastern US
EK825117,WLL,1.25,3/24/2015,4/1/2020,USD,1250000000,Y,Energy,Oil&Gas,Oil Comp-Explor&Prodtn
EK808445,LWSN,6.5,3/18/2015,5/15/2022,USD,1630000000,N,Technology,Software,Enterprise Software/Serv
EK709807,ENDP,6,1/20/2015,2/1/2025,USD,1200000000,N,"Consumer, Non-cyclical",Pharmaceuticals,Medical-Drugs
EK612862,MWE,4.875,11/18/2014,12/1/2024,USD,1150000000,N,Energy,Pipelines,Pipelines
EK709789,ZAYOGR,6,1/20/2015,4/1/2023,USD,1430000000,N,Communications,Internet,Internet Connectiv Svcs
EK702270,NGLS,5,1/15/2015,1/15/2018,USD,1100000000,N,Energy,Pipelines,Pipelines
EK674475,NRG,6.25,12/24/2014,5/1/2024,USD,1000000000,N,Utilities,Electric,Independ Power Producer
EK953236,THC,6.75,6/2/2015,6/15/2023,USD,1900000000,N,"Consumer, Non-cyclical",Healthcare-Services,Medical-Hospitals
EK990999,ENDP,6,6/24/2015,7/15/2023,USD,1635000000,N,"Consumer, Non-cyclical",Pharmaceuticals,Medical-Drugs
EK976450,TRCO,5.875,6/17/2015,7/15/2022,USD,1100000000,N,Communications,Media,Broadcast Serv/Program
EK915830,SPB,5.75,5/13/2015,7/15/2025,USD,1000000000,N,"Consumer, Non-cyclical",Household Products/Wares,Consumer Products-Misc
EK838594,CRC,6,3/31/2015,11/15/2024,USD,2249253000,N,Energy,Oil&Gas,Oil Comp-Explor&Prodtn
EK879453,CC,6.625,5/5/2015,5/15/2023,USD,1350000000,N,Basic Materials,Chemicals,Chemicals-Specialty
EK838582,CRC,5.5,3/31/2015,9/15/2021,USD,1750000000,N,Energy,Oil&Gas,Oil Comp-Explor&Prodtn
EK944419,MWE,4.875,5/28/2015,6/1/2025,USD,1200000000,N,Energy,Pipelines,Pipelines
EK862861,UNIT,8.25,4/16/2015,10/15/2023,USD,1110000000,N,Financial,REITS,REITS-Diversified
EK537824,DYN,7.375,10/10/2014,11/1/2022,USD,1750000000,N,Utilities,Electric,Independ Power Producer
EK537830,DYN,7.625,10/10/2014,11/1/2024,USD,1250000000,N,Utilities,Electric,Independ Power Producer
EK537782,DYN,6.75,10/10/2014,11/1/2019,USD,2100000000,N,Utilities,Electric,Independ Power Producer
EJ684027,NTY,7.75,5/16/2013,11/1/2017,USD,1000000000,N,"Consumer, Non-cyclical",Pharmaceuticals,Medical-Drugs
UV836472,FTR,11,9/11/2015,9/15/2025,USD,3600000000,N,Communications,Telecommunications,Telephone-Integrated
UV836343,FTR,10.5,9/11/2015,9/15/2022,USD,2000000000,N,Communications,Telecommunications,Telephone-Integrated
UV836036,FTR,8.875,9/11/2015,9/15/2020,USD,1000000000,N,Communications,Telecommunications,Telephone-Integrated
EJ890087,SLH,6.125,10/17/2013,11/1/2023,USD,1415000000,N,Technology,Software,Data Processing/Mgmt
EK741130,DLTR,5.75,2/6/2015,3/1/2023,USD,2500000000,N,"Consumer, Cyclical",Retail,Retail-Discount
QJ418735,LB,6.875,10/27/2015,11/1/2035,USD,1000000000,N,"Consumer, Cyclical",Retail,Retail-Apparel/Shoe
EI349760,APC,6.375,8/9/2010,9/15/2017,USD,2000000000,N,Energy,Oil&Gas,Oil Comp-Explor&Prodtn
EH706552,HES,8.125,1/29/2009,2/15/2019,USD,1000000000,N,Energy,Oil&Gas,Oil Comp-Explor&Prodtn
EF698800,APC,5.95,9/14/2006,9/15/2016,USD,1750000000,N,Energy,Oil&Gas,Oil Comp-Explor&Prodtn
EC542078,DVN,7.95,3/20/2002,4/15/2032,USD,1000000000,N,Energy,Oil&Gas,Oil Comp-Explor&Prodtn
JV879077,CNC,5.625,1/28/2016,2/15/2021,USD,1400000000,N,"Consumer, Non-cyclical",Healthcare-Services,Medical-HMO
JV879617,CNC,6.125,1/28/2016,2/15/2024,USD,1000000000,N,"Consumer, Non-cyclical",Healthcare-Services,Medical-HMO
LW378927,DISH,7.75,6/8/2016,7/1/2026,USD,2000000000,N,Communications,Media,Cable/Satellite TV
EG874819,TWC,5.85,9/25/2007,5/1/2017,USD,2000000000,N,Communications,Media,Cable/Satellite TV
EH423612,TWC,6.75,6/16/2008,7/1/2018,USD,2000000000,N,Communications,Media,Cable/Satellite TV
EI464336,TWC,5.875,11/9/2010,11/15/2040,USD,1200000000,N,Communications,Media,Cable/Satellite TV
EI076176,TWC,5,12/8/2009,2/1/2020,USD,1500000000,N,Communications,Media,Cable/Satellite TV
EJ315227,TWC,4.5,8/7/2012,9/15/2042,USD,1250000000,N,Communications,Media,Cable/Satellite TV
EI807803,TWC,4,9/7/2011,9/1/2021,USD,1000000000,N,Communications,Media,Cable/Satellite TV
EH767034,TWC,8.25,3/23/2009,4/1/2019,USD,2000000000,N,Communications,Media,Cable/Satellite TV
EH423592,TWC,7.3,6/16/2008,7/1/2038,USD,1500000000,N,Communications,Media,Cable/Satellite TV
88731EAF,TWC,8.375,11/5/1993,3/15/2023,USD,1000000000,N,Communications,Media,Cable/Satellite TV
EH880957,TWC,6.75,6/24/2009,6/15/2039,USD,1500000000,N,Communications,Media,Cable/Satellite TV
EG874835,TWC,6.55,9/25/2007,5/1/2037,USD,1500000000,N,Communications,Media,Cable/Satellite TV
EI807807,TWC,5.5,9/7/2011,9/1/2041,USD,1250000000,N,Communications,Media,Cable/Satellite TV
EH624588,TWC,8.75,11/13/2008,2/14/2019,USD,1250000000,N,Communications,Media,Cable/Satellite TV
88731EAJ,TWC,8.375,2/3/1994,7/15/2033,USD,1000000000,N,Communications,Media,Cable/Satellite TV






































































































































































































































































































































































































































































































































































